2024-Operating Expense,2024-Net Interest Income,2024-Diluted EPS,2023-Tax Rate For Calcs,2022-Tax Rate For Calcs,2021-Operating Expense,2024-Net Income From Continuing Operation Net Minority Interest_pct,2024-Operating Expense_pct,2024-Net Interest Income_pct,cluster
-0.07952644372736317,-0.19613246278882845,-0.03584801040307311,0.9038546709509031,-2.1376194972197933,0.49605044006447113,0.19718880609065642,-0.2873975745449502,-0.23121753159163463,0
-0.45433419589773777,-0.08039397421655776,-0.18928723848171727,0.7128458331532251,0.3016218656127313,-0.47047817627167127,0.028641614441833982,-0.4122498429528518,-0.0369219149179161,4
0.8325629315040671,-0.11331535502989107,-0.032325170982900164,-0.7564529191366042,-0.35916122793810595,1.2841100756513986,1.324367346579255,0.6959706583865725,-0.06004787282310232,5
1.7449806031001986,-0.4207185508144965,-0.23782413715965572,0.40429309517236106,-1.0140901422181454,1.8207921216145269,-0.43144756805221585,1.2418004927245079,-0.2879733894591254,5
0.4342959418530483,-0.045625487413952115,0.11641693786884673,0.6099949204929374,0.7451202952186448,0.44500063817819346,-0.17186769378598252,-0.49855176922946653,-0.0023300777528577035,1
0.4211255124421433,-0.05215081170411098,0.15242818527505914,0.11043334471439538,0.3016218656127313,0.37389095017935514,0.8850738074332788,1.4748566086747816,0.029998761747388518,4
0.358174684510666,-0.06511074078089127,-0.2922324348712158,0.257363219943378,0.3016218656127313,-0.06294592091961047,-0.5201142597829396,0.8148245161274104,-0.000931494324886877,4
-0.4913742332451637,-0.25381995197205776,-0.3176751640169094,0.257363219943378,0.3016218656127313,-0.5314326878136014,0.011074541253796023,-1.3658605604903897,-0.6418543131165074,4
-0.31414130683478786,-0.11047049254962223,0.04556872286314629,-1.1384705947319596,-1.4335361736584316,-0.2716956548493511,1.0726131554178755,-0.19822137997487077,-0.09554898083350384,0
-0.34700590686776017,-0.08186381983136333,-0.15797311030240216,-1.7408830831707898,-0.34884249780927495,-0.3158035416417378,0.44858908383976054,0.26473319267179296,-0.04174532339059876,0
-0.43421783615066467,-0.11391593710905894,0.34109580755543284,-0.021803542991689368,-0.11231000201945461,-0.4513857751032333,1.3102191714855642,-1.0414330101281946,-0.14895074936529848,4
0.03250469072696081,0.04994814175442633,-0.1704987615741282,0.257363219943378,-2.0932696542592018,-0.06146588982128195,0.740671472052138,1.8698896568829435,0.48068365508280697,0
-0.3726933738497234,-0.06777179353535162,-0.2033785961624091,-0.4332071936328415,0.050306088836047154,-0.39264391005330423,-0.06686177977012171,0.9373242306493864,0.1009001620187788,4
-0.45716837841420427,-0.10551079091110464,-0.7697728896057717,0.257363219943378,-0.4300322769891308,-0.4939186811099064,-2.5602453102173692,-0.7628892247500734,-0.2362069565360147,4
-0.40250941384007927,-0.10870636171602441,-0.26091830669190064,0.257363219943378,0.3016218656127313,-0.4396113307762077,-0.23181765159764472,0.9674905361390471,-0.4340541895891387,4
-0.34040756030771957,-0.07613964042523128,-0.10395623919308354,1.6678900221416142,3.0513121291693954,-0.3273073679748613,-0.21929111902587486,1.4837770309722766,0.009809278314776093,1
-0.44214619335820143,-0.0922159583012305,-0.09182201452359891,-1.0062337070258751,-1.1914895140605108,-0.473517932450546,0.16303196105792503,-0.1784444929670169,-0.1731288066087256,0
-0.4416373339929144,-0.1469795610464057,-0.22608133909241257,-2.745031236460705,-2.3593687120227496,-0.4636928029285651,0.27065562811581967,-0.23889033953044192,-0.7625754283914842,6
-0.31414130683478786,-0.14255421941043195,0.3336587021128455,2.872714999019274,1.1442688818639672,-0.2716956548493511,-0.4540761110538738,-0.19822137997487077,-0.06769522909057017,1
6.980158582809731,0.5866788630318144,-0.10434766579532498,-0.7858388941824004,-0.45232546471732155,7.18954800652824,1.083283828080015,-0.03525077353348251,0.05772810159455162,2
6.980158582809731,0.5866788630318144,-0.016668106893242614,-0.7858388941824004,-0.45232546471732155,7.18954800652824,1.083283828080015,-0.03525077353348251,0.05772810159455162,2
-0.2903747839567832,-0.24323074162883485,-0.07538209722945846,0.9332406459966996,0.44945467548136925,-0.2734518825203369,2.9933581793619037,-0.7470873649607692,-0.37292802621091353,4
4.0835176829588455,0.27959176307835004,-0.2178613804453423,-0.04268227826172792,0.3016218656127313,4.167096806649341,-0.3093786662299662,-1.0051540398581527,-0.00045537887921904185,2
-0.40002576976702264,-0.12832990700908772,-0.31160805168216704,-0.5654440813389262,1.1738354438376948,-0.4003930113385143,-0.5930949360561597,-0.921729837000929,-0.1808264375281699,4
-0.3396192386619805,-0.177640856667081,-0.15993024331360933,-0.7711459066595021,-0.7332078034677333,-0.36157065714389686,0.138961948540963,0.07362580166570923,-0.5847538582833524,0
0.14271378035719248,-0.3737467103069465,-0.11295905104463662,-2.4649535082992178,-2.7698856417469697,0.22167544414356752,0.10575759220226973,0.7797915410784085,-0.6730012902010603,6
-0.31414130683478786,2.377203698529909,0.10741412601729368,0.1545123072830903,0.39032155153391407,-0.2716956548493511,0.12837319240261072,-0.19822137997487077,1.5922729781281277,1
-0.31414130683478786,-0.1523531901758024,-0.416314667781752,0.257363219943378,0.3311884275864589,-0.2716956548493511,-0.39158088854604367,-0.19822137997487077,-0.14111111800801532,4
-0.27290941735467317,-0.2799452724158599,-0.20690143558258206,-1.9465849084913658,-2.063703092285474,-0.16933738718022642,1.322877346095117,0.13492607139844495,-0.8848836479462227,6
-0.424073478481394,-0.1471376089619762,-0.12039615648722399,0.2676776971844527,-0.03839359708513562,-0.4413784879076119,0.6387646709473495,-0.1717391462282758,-0.6533231968466561,4
-0.31414130683478786,-0.13133281740492705,0.9622898253125969,0.257363219943378,0.138000511650123,-0.2716956548493511,0.4413539096384196,-0.19822137997487077,-0.1556425100418472,4
-0.45781372699311584,-0.09718846182090929,-0.09925911996618626,-0.13934744317487582,-0.023610316098271827,-0.48157340017311007,0.4504057766147229,-0.934680619718448,-0.13654794531032033,4
0.5772304338576189,-0.5779762268071352,0.1575167311041979,-0.6995028994978502,-1.2062727950473746,0.6315302098345439,-0.09672191185375648,0.7338659759441574,-0.6725690274686102,0
-0.36273130273695314,-0.11363145086103205,-0.2562211874650034,0.21328425737468312,0.49380451844196066,-0.41071907446300643,0.16908987474686185,-0.8142995224503066,-0.12269335711149745,4
-0.24324070035797707,-0.11780549631124873,-0.20298716956016769,-1.6380321705105014,-1.132223340584174,-0.23743532574251225,0.2716706224323249,0.47100979576699037,-0.2020480523827841,0
-0.3880345808981247,-0.07881633992333312,-0.07499067062721702,-0.5521322346431805,-1.4723718528109226,-0.421061076383942,0.6520392471251868,1.9094606683966568,-0.016031914380076912,0
-0.24917359018676807,-0.19328760030855963,0.1575167311041979,-0.31566329344965505,-0.41393328399443646,-0.16962200854528958,0.23996283268077803,-0.3410728524719255,-0.3400300550285675,4
-0.42448384893727065,-0.13733863819660574,0.030694511977971566,0.257363219943378,1.4562848103727137,-0.4537879794243665,-0.3836350777158018,-0.8625170880700752,-0.2835033320697557,1
0.8535738988449514,-0.10699343840707143,-0.007273868439448063,0.257363219943378,-0.23057624991436498,-0.18635774481100445,0.2846906078493698,2.0809472373211064,-0.0708633672837829,4
4.2015402260689685,-0.10825782173163535,-0.09338772093256466,-0.6682949939992144,-0.40797562175673013,4.44613959295728,0.7493012826638147,-0.6737715252762354,-0.02815727602041825,2
-0.10217889289175396,-0.03429139724464548,0.005643209434519433,-1.1972425448235529,-0.7184245224808699,-0.12749804651593924,0.9250788507709343,-0.4601089537819351,0.047077635207645435,0
-0.3774553946938072,-0.11884703207485826,-0.058942179935318015,0.257363219943378,-1.0288734232050092,-0.4110947746648898,-0.3253865607748285,-1.0208745442478673,-0.11189979721435596,4
-0.31414130683478786,-0.10161980927767472,0.10663127281281075,0.257363219943378,-2.0075266245353913,-0.2716956548493511,0.8573257659721164,-0.19822137997487077,-0.08202734567826456,0
-0.21084498960788944,-0.10209395302438619,-0.18850438527723437,0.0050405452126457435,-0.34884249780927495,-0.2094689996541345,-0.8272208665300624,-1.2544959610634914,-0.03643350879388327,4
-0.3880686416459625,-0.03018246753564385,-0.24408696279551875,-0.799062582953009,-0.6592913985334147,-0.4414877825117962,1.9572167174816137,-0.25968396942733973,0.2798305568615655,0
-0.3019308159942695,-0.13959872338926377,-0.07694780363842423,-0.1099614681290792,-0.45232546471732155,-0.36376793408218455,-0.06629828841241409,-0.23823353241617365,-0.2513067374436676,4
-0.31414130683478786,-0.09624618014827802,0.23462777174576144,0.1692052948059882,0.2868385846258675,-0.2716956548493511,-0.5175064047896306,-0.19822137997487077,-0.08669472754440377,4
3.505880229266881,-1.1475809145231854,-0.27305253136138524,0.30144218251207294,0.3016218656127313,4.859865209213116,-0.33374692659981714,0.7467862410116245,-0.4039804837671401,2
-0.4282596675017917,-0.10584680077960751,-0.06403072576445672,-1.1558083200089795,-1.4578251043198487,-0.4603051255930371,0.8262369609073057,-0.07524843717004769,-0.3012187311670735,0
-0.22479758510769537,-0.09055645518774033,-0.16736734875619666,-0.9177672291505045,-1.0236401417356593,-0.2288232524784306,0.2065779694329739,2.461705808501871,-0.12221844690494739,0
-0.20766872227940422,0.06363509124283087,0.024823112944349964,0.5659159579242424,0.5233710804156883,-0.20417504226395938,0.5091605781431764,-0.3429171757227226,0.31657709615122664,1
-0.020240716411411376,-0.15070601479972673,5.522409741425364,0.139819319760192,0.31640514659959507,-0.006903063350302523,0.05917710633589216,0.3296728733290542,-0.19245818123831426,4
-0.43912997050750807,-0.1151469723234375,-0.03389087739186592,-2.6692301138300727,-2.6147646743518083,-0.4560413836958447,1.6982922137279848,0.2807923610241923,-0.5584744006522224,6
-0.39885211026321543,-0.09782665930398293,0.010340328661416744,1.2271003964546658,0.7746868571923724,-0.40819163674124537,-0.3985164337337039,-0.5914972891251234,-0.11657073714065495,1
-0.4179310534978324,-0.07355128971193335,-0.1434903260194689,0.257363219943378,0.9077363860741465,-0.4696091703198604,0.326337410780772,1.6855296226223158,0.09569347953508534,4
-0.3132734553947,-0.11062854046519272,-0.25661261406724484,0.9626266210424963,0.3016218656127313,-0.2691256377713766,-0.2071782697957442,-1.0023536494832963,-0.07370059330731615,1
-0.41176236480509465,-0.11489583418559599,0.17747948781851128,0.6687668705845302,-0.14187656399318221,-0.4031253764431208,-0.7197808037124437,-0.899635647985129,-0.15577207327177817,4
-0.31414130683478786,8.7808310936995,-0.20572715577585773,-1.8878129583997725,-1.161922952086783,-0.2716956548493511,0.94095237876598,-0.19822137997487077,3.7504852593384865,3
-0.2240589182871174,-0.13322939239177295,-0.38108627358002245,0.8744686959051065,-2.181969340180384,-0.16597885507248092,-1.2073881469502998,0.3704348261889824,-0.24487013821381284,0
-0.0004890939255214189,-0.13702254236546474,-0.10199910618187631,-1.6674181455562982,-1.575854819718969,0.15564328744891023,-0.36974681802931453,0.2436943725702858,-0.14900056326211272,0
0.13140397059323217,-0.087553544791901,-0.10904478502222224,0.21328425737468312,0.005956245875455767,-0.2716956548493511,-0.7730400709146634,-0.48158422635476206,-0.03309262123447369,4
-0.4717724780497599,-0.08129690195821197,-0.2902753018600086,-0.5213651187702314,-0.9253904562969626,-0.5059123977365767,0.06671059460550535,1.0497778419765211,-0.09836568040186203,0
-0.09260905386071061,-0.1082104073569642,0.10623984621056932,-1.300093457483841,-0.2010096879406374,0.14004603664344809,0.23723056064428807,1.483321403463632,-0.15444150698214315,0
-0.3058867871889204,-0.04314208051659299,1.3130080609209265,0.2867491949891746,0.15378905574409374,-0.29633544027141645,1.2711831209631572,-0.7976264053831055,0.05211709637167569,4
-0.1480533854132923,-0.08447619382782798,-0.2593526002829349,-0.2774468329025967,-0.7775576464283246,-0.1982031167822038,0.8524087155733039,0.7948678503367643,-0.0453011124041979,0
-0.31414130683478786,0.6021675587577225,-0.17480445419878402,0.5365299828784458,1.1738354438376948,-0.2716956548493511,0.8098471947239345,-0.19822137997487077,1.5956236837297408,1
0.20994887584802194,-0.510015623111824,-1.050034336810642,0.257363219943378,0.3016218656127313,0.17898223938409083,-2.2597783908395184,-0.7531662532005046,-0.3059797765431151,4
0.8132755200778649,-0.10794172590049438,6.428170899012054,0.3672520736271346,0.46423795646823307,0.4130548500120484,0.8074499809586195,2.323034517068722,-0.07719797243987479,1
-0.4035549556875618,-0.0840764906493502,-0.27266110475914385,1.4328022217752412,0.35457557810767737,-0.4288551478448321,-0.7911076258595902,-0.9570605073840063,-0.03949483799933302,1
0.18163331439253347,-0.11062854046519272,-0.2824467698151798,0.08104736966859877,2.947829162261349,0.17294826644475145,-0.1807923477617976,1.3428814285481185,-0.106005873307641,1
1.8195859519785726,-0.38705434479798184,-0.1802844266301642,-2.1375937462890438,-0.1862264069537736,2.6269536760194723,-2.314607792727935,1.8028726011949525,-0.30147574728709653,5
0.922351987249877,-0.6312383743543908,-0.28322962301966265,-1.8437339958310777,-1.6941210676138794,0.3806080143948461,-0.1167072739617693,0.40556098056601086,-0.48946944068562004,6
-0.4397660447141169,-0.10116147032252029,-0.10199910618187631,0.21328425737468312,0.12422249377036614,-0.46559407364718713,-0.20543962256675097,-0.7077443414292133,-0.17051125486930244,4
-0.4385185185282519,-0.1111026842119042,-0.19594149071982175,0.6981528456303268,0.6416373283105986,-0.48704313971834823,0.5426682472549096,-0.3872750522220297,-0.3180118447423822,4
-0.20413173932020343,-0.11216539839620018,0.023257406535384238,0.4630650452639543,0.5972874853500072,-0.15601346414179687,-0.5051046789562097,-0.2030852553900666,-0.11178816656888982,1
-0.3692479855762743,-0.12801381117794675,-0.018625239904449767,0.610318166218441,-0.026522622452684032,-0.4098424406586118,-0.8245968545199431,-1.3099088211614238,-0.06467501321252554,4
-0.4277124795359257,-0.17178012386189603,-0.3278522556751868,0.257363219943378,0.3016218656127313,-0.44998589338130657,-0.9487552875530851,0.25180986721991067,-1.2026390429258882,4
-0.46251501300972986,-0.09354940856489873,-0.1802844266301642,0.1901428020261184,0.06508936982291096,-0.49040497343392847,-0.7895295153648363,-1.2950881398838205,-0.05969713133735005,4
-0.30004032137813696,-0.08147107076117066,-0.18067585323240562,-0.06588250556038429,-0.023610316098271827,-0.3336553352041384,0.6606257189182053,1.6650930264723653,-0.04486161744609659,4
-0.22356647374006544,-0.4532764214220177,-0.3818691267845054,0.257363219943378,-1.7301035735359058,-0.18408077389049904,-1.15718895608427,0.2722728618177375,-1.4685915664526439,0
-0.4618897725831562,-0.0991534715551972,-0.27266110475914385,-2.698689553813484,-2.7368745753033035,-0.4968764663356429,-0.21637831189819642,0.8520158082003613,-0.5821980351000061,6
-0.3717922824027095,-0.11774069666586483,-0.2573954672717277,0.6834598581074285,0.5085877994288245,-0.37489093702885357,-0.5547193648669031,-0.48251299261170943,-0.19791632664685366,1
-0.31414130683478786,4.853024295941654,0.12228833690246833,-0.013531391016297512,0.19813889870468512,-0.2716956548493511,-0.10391545039918788,-0.19822137997487077,5.450075738084642,3
-0.0813320737332204,-0.08739549687633051,-0.19633291732206318,0.257363219943378,0.3016218656127313,0.017089606936155178,-0.9518696701913538,-1.3667644578653884,-0.026423965897962972,1
-0.27544320869743794,0.052958954546044185,-0.2131642612184451,0.6834598581074285,0.5825042043631434,-0.3105373632967929,-0.8487535760008789,-0.8809008306417216,0.19156007497123254,1
-0.03824317586617273,-0.3420106888603919,-0.2750096643725925,0.257363219943378,0.3016218656127313,-0.08150323392172967,-0.42686403522236743,-0.19631144356703895,-0.48065688293290015,4
-0.19631787546985624,-0.1379708298588877,-0.09064773471687458,1.0067055836111911,-0.42275890274359396,-0.1378582642042389,-0.6236925243045891,-0.5296209679152157,-0.13809164441967425,4
0.3264120112258137,-0.0840764906493502,0.5317205628470137,0.30144218251207294,0.6859871712711896,0.374687890001532,0.22160668242244422,-0.6108602895975795,-0.028057420438150658,1
-0.47977716416208976,-0.08315981273904136,-0.052287927697213556,1.1830214338859708,0.3016218656127313,-0.5086515937539446,0.36790193948960065,-0.9097638367480443,-0.06543572115285023,1
-0.04842036317191351,-0.11331535502989107,-0.20846714199154778,0.048296700480058345,-0.7332078034677333,-0.02662823473754896,-0.7838271776007036,-0.6066155036307658,-0.06612709507457902,4
-0.2728027210361453,-0.11323633107210583,-0.019408093108932663,0.6834598581074285,0.9077363860741465,-0.30561409677247603,-0.6088991011643685,-0.7097699880831188,-0.09497178389003484,1
-0.4067558452433996,-0.1809598628940613,0.3700613761212994,0.257363219943378,0.3016218656127313,-0.4656282282109947,-2.040765731314544,-0.7783031374715407,-0.45406433933773305,4
0.03924133213063181,-0.10414715349556244,-0.03663086360755597,0.08104736966859877,0.7007704522580533,-0.08361819836124114,-0.9419374832268135,-1.3685710601723582,-0.02854568797569481,1
0.6045611062190034,-0.1902846899127203,-0.08438490908101158,0.8450827208593098,2.9182626002876213,0.6947161528785694,-0.8328300129126088,-1.0285480793476571,-0.05441947723451437,1
-0.3520124264294552,-0.2117792064303071,-0.2695296919412123,-0.5302690692091077,0.9529436593319761,-0.3403948275831964,-0.12893682352554503,-0.2096688468703652,-0.6901609428357415,4
-0.48669601004817,-0.07901895735109449,-0.02332235913134704,-0.14839832348898124,0.5529376423894158,-0.5272202916106664,0.5003950380355491,-1.1716158624865511,-0.02256934268906448,4
-0.44200880132957393,-0.0979393474677847,-0.323546563050531,-0.27158433088096057,0.2868385846258675,-0.46553988173927907,-0.9394252476665111,-0.2665890208756894,-0.22431344476770904,4
-0.31414130683478786,1.365855086794336,-0.2143385410251694,0.1985912698517848,0.6712038902843258,-0.2716956548493511,1.2060919261389245,-0.19822137997487077,3.175281167284416,3
0.9239113949822083,-0.9057676037003339,0.8425132850267164,0.5867653072192348,0.39271644305378595,0.8842739820106459,-0.3136727384218249,0.28620920560623236,-0.676224698021123,5
2.6045425599794187,-0.17321551503110724,0.049091562283319234,1.2271003964546658,1.3808013776537873,2.779966121877437,-0.3206205175253453,-0.39607775603266177,-0.045954052090941486,5
-0.43026900540194607,-0.06449482805391306,-0.28792674224655995,0.7275388206761234,0.730337014231781,-0.4522497717190191,-0.0013482153628384796,-0.9859020336965184,0.032065162048372696,1
-0.31414130683478786,-0.19644855861996943,0.5219348977909778,-2.0347428336287554,0.020739526862319564,-0.2716956548493511,0.21455406480253986,-0.19822137997487077,-0.11565853455555414,0
-0.38156730666169114,-0.0901929449819282,-0.21198998141172076,0.3896001076494628,0.2868385846258675,-0.41548932854146525,-0.2879796250483791,-0.005413474058206495,-0.10206861496019119,4
-0.31414130683478786,-0.30613381202589035,0.14303394682126458,-2.446146484269908,0.03552280784918336,-0.2716956548493511,-0.8776424448224657,-0.19822137997487077,-0.06517181712025087,0
-0.31414130683478786,-0.0877115927074715,0.23736775796145146,-0.03649653051458767,1.6065568616041845,-0.2716956548493511,0.4786304950424251,-0.19822137997487077,-0.05695884733120888,1
-0.3001594108844324,-0.09434928906560099,-0.1831222694964146,0.1692052948059882,-0.20862307764887206,-0.3306995992522303,0.20174517331485214,0.031295583454672954,-0.09280487579656638,4
1.2789639134066813,-0.022595851492429132,-0.23195273812603415,-0.22750536831226564,-0.08274344004572702,1.5188657775555077,0.40394523246435887,0.7792723627616804,0.02090269716762537,5
-0.31414130683478786,8.470266939603487,-0.17323874778981826,1.1830214338859708,0.059930004758495255,-0.2716956548493511,0.14879349692017693,-0.19822137997487077,4.552530497431449,3
-0.31414130683478786,0.8109488552263415,-0.20885856859378923,0.22210004988842233,0.4391063787905645,-0.2716956548493511,0.41691980832907766,-0.19822137997487077,4.934233399130763,3
-0.3241893095210187,-0.08992426352545838,-0.24330410959103588,1.9323637975537835,0.5085877994288245,-0.3255945165999111,-0.6943442903703139,0.3395355764384631,-0.08969532059991427,1
-0.4043510743719625,-0.10476496279752749,0.015428874490555414,0.448372057741056,0.5825929040490643,-0.4128594271282815,3.167784989833605,-0.26477527879169704,-0.20498101961956908,4
-0.37367998649974205,-0.19123297740614323,-0.21477145884724844,-0.5641510984369111,-1.2786517387590597,-0.3792171817778139,-0.016699907549549656,-0.21325305618503856,-0.6713224582230803,0
0.6927086801413067,-0.1849110607833236,-0.2346927243417242,-0.27158433088096057,-0.1270932830063184,0.8453377792700032,0.6497048696365341,0.25487039807719464,-0.12227697164565635,5
-0.20706958141382434,-0.06906193867015355,-0.1665844955517138,0.6981528456303268,0.7753077549938209,-0.0861710243087658,-0.1606644915458901,-0.4319800494082185,-0.0022827304675834253,1
0.12771063649034237,-0.11489583418559599,-0.19398435770861455,1.2271003964546658,1.0555691959427844,0.18569930359958184,0.05725553061063502,0.685817175456418,-0.1016862268441391,1
4.689060327650423,-0.732705136150646,-0.18615582566378577,1.0255273006280237,0.3016218656127313,5.952469705417643,-0.035458522318970155,1.3743825194412913,-0.2541351053670115,2
-0.31141858093413755,-0.14737468083533192,-0.3031923797339761,0.734708998587298,0.8405907238318114,-0.39060203638034097,-0.7712313361120215,-0.34381011420679763,-0.2700010411689832,1
-0.2195448432724743,-0.19091688157500225,0.023257406535384238,1.9764427601224785,2.193881831931296,-0.24328201782364006,0.23857674709739354,-1.1288061237137295,-0.1133693330254134,1
-0.06893888596574574,-0.2669379289644085,-0.12626755552084556,-0.44538768028932413,0.7451202952186448,0.0009231134005666693,-0.11885445618708264,0.49904802580003105,-0.5587503590689271,4
-0.3633550658298857,-0.14814911562162733,0.03617448440935174,0.257363219943378,0.3016218656127313,-0.35964661671606973,0.27122599737401315,-0.45787428455276846,-0.3247804640608277,4
-0.42128295938143284,-0.159307298460904,0.13403113496971153,2.329074460672037,0.3016218656127313,-0.25785463171487477,0.16790564483763565,-1.225772792899248,-0.1721981028954807,1
-0.3598915391822868,-0.0973999299319426,-0.25465548105603764,1.3887232592065464,-0.01914576524023901,-0.38525115471715327,-0.25287380797054176,1.2215637250974556,-0.22621605376275908,4
-0.48749795599304413,-0.056311739177335306,-0.2765753707815582,0.1692052948059882,-0.03839359708513562,-0.5268030366894838,1.3404627375561833,-1.0539215692199289,0.21103813697514978,4
-0.2572168511219503,-0.12390456537311398,-0.30475808614294186,0.1985912698517848,0.5825042043631434,-0.21436448713322118,-0.7008516504698029,-0.15553293603691737,-0.17238604119277787,4
-0.40423969983023755,-0.1398742009061031,0.18530801986334003,0.9773196085653946,0.9209674225573893,-0.43291259617662675,0.8417890596807882,0.40556734908916536,-0.6861531453432109,1
-0.08141414782439574,-0.09529789265485507,-0.29105815506449145,-0.7848544640183664,-0.6258072670981679,0.032345312103541524,-0.6160783798150472,0.2536171407919823,-0.06586893522012735,0
-0.3366645713796687,-0.04574987112350609,-0.2953638476891473,0.8450827208593098,0.752408452745169,-0.4188820152130184,-0.6134862474936219,2.9530064435972068,0.5080067391509487,1
1.3570984482055943,-0.011532497402494749,0.3168273582164636,0.9773196085653946,0.8338199811398276,1.560078951216656,-0.770213505667689,-0.9949670948029158,-0.013312766971518532,5
-0.4650284499778831,-0.08628916146733707,-0.27266110475914385,0.6452580905478931,0.3533633490667546,-0.5080937358784209,0.5018219011247952,-0.8720429601383726,-0.0801963296189468,4
-0.3260912124358246,-0.05986765922975579,-0.31689231081242647,0.257363219943378,0.3016218656127313,-0.2716956548493511,-0.7681804136410101,2.7241395580373307,0.2517197932737545,4
-0.3144224926711546,-0.22363280009809391,-0.6828761839081722,-2.578148284175626,-2.6629877369309582,-0.2692394863174019,-5.2632676754175,0.5878893273408734,-0.9786924218066844,6
-0.5191152760624249,-0.1973968461133924,-0.2613097332941421,0.7128458331532251,0.5972874853500072,-0.5576178533994138,0.7416549574101988,-1.5165754689402189,-0.3773989496241832,4
-0.09996289243002007,-0.10841586964720584,-0.1297903949410185,0.257363219943378,0.5324184483796489,-0.15243087809547365,-0.14470576619698916,-0.666323285344505,-0.061903445772936196,1
2.899763065937077,-0.5468407874397485,-0.18811295867499295,0.8597757083822082,1.0260026339690569,3.6644554759477685,-0.88972115782397,-0.8719193979291244,-0.07932351332881807,2
0.2518066623474397,-0.10478076758908454,-0.08164492286532149,-0.43079754367908624,-1.1175731091261918,0.4574557829619042,0.19845507896261305,0.6956082396611152,-0.07115202937108696,0
-0.426076086306072,-0.1012562990718626,0.001728943412105055,-1.0356196820716717,-0.9263957194040695,-0.4549036951754142,-0.32666079638113693,-0.9641867733224249,-0.10843717822586234,0
-0.3293434803727382,-0.15369169797276888,0.0886256491097046,-0.08057549308328259,0.2277054606784123,-0.33675736653768895,-0.45218961929210083,-0.5081318151654286,-0.27677562539451067,4
-0.4569031149515256,-0.08575179855439741,-0.3176751640169094,0.257363219943378,0.3016218656127313,-0.5027656239244381,-0.9048054004957178,0.7569293996323356,-0.1831656161012897,4
-0.39534968049639946,-0.071488922461654,-0.14114176640602025,0.4630650452639543,0.14753572788665026,-0.45129640399460347,0.29822112594934735,0.4081446491888653,0.054562743324571214,4
0.14716219609889533,-0.60847947451224,1.0241352284667444,0.41199222063435975,0.4479319975397224,0.13867985409114483,0.03432709040223959,-0.602356347785652,-0.4796221813641125,4
0.7701045481196419,-0.2753144684896445,-0.15343256171640143,0.8303897333364115,-0.34884249780927495,1.3230462783920411,-0.7171433249793521,-0.5050127149468514,-0.12110254166259374,5
0.23785406684763377,-0.1973968461133924,-0.1227447161006726,-0.21281238078936734,1.8095165262728374,-0.5735566498429518,-0.5746242970160759,-0.66342032688229,-0.10803107991360045,1
-0.468475561807247,-0.13670644653432376,-0.15288456447326346,-0.18342640574357072,0.44945467548136925,-0.501035126024854,0.32865279692902993,-1.2979750728358515,-0.1811395019963415,4
-0.36414297710516885,-0.06112793330851489,-0.27579251757707535,0.6651377026663743,-0.9265879020568986,-0.38927000839184533,0.05110652728126144,1.0568251922535077,0.17111563267304022,4
-0.49260534461279365,-0.10067152178425177,0.27651041818559535,0.33082815755786954,0.2277054606784123,-0.5285864741629697,1.20429588481056,-1.3585207244143565,-0.10891591899317836,4
-0.3279726789019278,-0.15090483907751442,-0.268355412134488,-1.7457023830783003,-1.6704530347539104,-0.3351764656275821,-0.196990520684168,0.8016092005052482,-0.5842318899313126,6
-0.31414130683478786,2.180117947813507,0.36223284407647055,0.5693688099921234,0.6712038902843258,-0.2716956548493511,0.8466171554541333,-0.19822137997487077,5.452131504116028,3
0.2460388235160023,-0.13098210908027616,-0.03584801040307311,0.4777580327868526,0.4051048325207779,-0.2716956548493511,-0.6693933990543995,-0.15432675125712025,-0.08283271534581726,1
0.23552316265825443,-0.09621457056516393,-0.5094741991152145,0.6246879080158353,-0.05317687807199942,0.1214204145137137,-1.2141548372989213,0.17712816448066684,-0.04882652190714605,4
-0.2625516670483467,-0.3775714698637524,-0.24017269677310438,0.2355735194469201,0.2868385846258675,-0.23075867776086023,-0.01809142552187087,-0.30516710191764596,-0.920366449886123,4
-0.4354534615933092,-0.10760160678618667,0.2424563037905902,0.1692052948059882,0.3016218656127313,-0.44697596552149044,-0.08406972268167584,-0.3431437759487452,-0.28562774921568274,4
-0.3711959320562295,-0.09419361186876406,-0.037022290209797436,-0.48439756216261937,-0.24535953090122878,-0.35812355086734365,0.3241021106678927,-0.22963540898436857,-0.10816112242597711,4
-0.29332945123909504,-0.1759023295958056,-0.26992111854345374,0.257363219943378,0.7155537332449172,-0.22130924844076272,-0.7916772137301282,-1.1450168914300043,-0.12246130787579873,1
-0.21958588031806198,-0.10667734257593044,0.22993065251886413,0.7128458331532251,0.5529376423894158,-0.2593118931039982,-0.0471342713750552,-0.9492096671088697,-0.11542083896268665,1
-0.33994753502668185,-0.20814410437218578,-0.06637928537790538,-1.2413215073922477,-2.418501835970205,-0.34563186070035884,-0.1663634681228315,-0.5377811365537392,-0.4738011834366214,6
0.08076425633805422,-0.6042121807918368,-0.19281007790189023,-1.4781430802863222,-1.7153350758300288,0.14608000958278744,0.09310912565570748,-0.1573309703065667,-0.7755265854882561,6
-0.2952171553361276,-0.12564309244438937,-0.26600685252103934,0.257363219943378,1.1442688818639672,-0.24009425853493246,-0.5464625531576587,-0.2857087509757619,-0.18719720214412686,1
-0.43999585216940784,-0.1109446362963337,-0.031150891176175834,-0.2464152432542355,0.005956245875455767,-0.4778100226356987,-0.2834949145239732,-0.9513849655912585,-0.17115258028695798,4
-0.11522867338863126,-0.09988128220639932,0.040480177034007546,-0.506672131247333,-0.5410251506385043,-0.1095099762439464,0.12055675393451888,-0.40011693261645137,-0.06073644341334289,4
-0.09766481787711087,-0.07728043027981908,-0.17715301381223267,0.8597757083822082,0.2129221796915485,0.0014923561306930252,0.4099811388694165,1.2737785317196186,-0.016206622226436172,4
-0.1679858991961327,-0.12398358933089923,-0.042893689243419006,0.1985912698517848,-0.2157929689275012,-0.16141352837686754,-0.01145480119238857,0.007882543119023378,-0.14802140990661544,4
-0.163077868543848,-0.3337921972507263,-0.2018128897534433,-1.7849620457394846,0.3016218656127313,-0.07512771534431449,-0.3456092853641704,-0.1319511380161987,-0.6525964487465105,0
-0.2817652117924912,-0.0634512376674011,-0.058550753333076584,-1.1972425448235529,-0.9008354265777819,-0.2774593513404265,0.8778463083514679,1.4304067107291873,0.10189329159915618,0
-0.16439105400265328,-0.06858779492344207,-0.14818744524636618,2.9755659116795625,1.1886187248245588,-0.19865338778173375,0.2347400330313148,1.6684191841120164,0.03682048710117723,1
-0.31414130683478786,-0.26662183313326754,0.6738084194606563,0.448372057741056,0.5233710804156883,-0.2716956548493511,-0.7351072858519689,-0.19822137997487077,-0.07086833081819832,1
-0.004592798484287865,-0.09340131766800917,-0.19711577052654608,0.4189860826952594,0.538154361402552,-0.12100867939249879,-0.31205882045833216,0.49501714370309413,-0.05979324784650583,1
-0.47079891518023814,-0.0685244177092983,-0.30201809992725176,-0.7034700061290327,-1.0144745075238037,-0.5117835672550999,-0.42262064067172805,0.7717358919672512,0.3279041643692587,0
-0.2704256091334342,-0.2139847650920933,-0.2354755775462071,0.257363219943378,0.3016218656127313,-0.23581184547619188,-0.3349248127694149,-0.09158076863974939,-0.5169634443461472,4
0.26017821964732324,-0.057366392917937194,0.10897983242625942,0.34882706727342,0.4051048325207779,0.21370604592179854,0.9957097026672684,0.7666776338368834,0.015916177567494715,4
-0.4406640173456662,-0.07192639909195313,-0.05502791391290364,0.448372057741056,-0.24535953090122878,-0.46697949660376864,-0.285828455182535,-0.4236443074950816,0.043149256945013474,4
-0.3175484485817493,-0.15121919638158413,-0.31376089799449497,-0.25689134335806224,0.7007704522580533,-0.30265221299908257,-0.660619128773407,1.0843938152434098,-0.6224890411210469,4
-0.34098987598460856,-0.11554383063943499,-0.14192461961050312,0.5733946885733974,0.8486032621266913,-0.34483492087818196,-0.21230843062559487,0.5941251138571016,-0.30158648161266205,1
-0.2969407112508095,-0.12991038616479264,0.07218573181556415,-0.8005318817052988,-0.5916135381755523,-0.3177356653163327,-0.30726637428703013,0.20470160234135573,-0.2758767358963684,0
-0.4318012466100983,-0.12093958647701157,-0.22490705928568822,-2.8088869602352204,-2.786502049576205,-0.44846237213839635,1.5270036707103547,0.40911068399172157,-0.6309817427428792,6
-0.31414130683478786,-0.07933505318223547,0.11798264427781253,0.20163271826902493,0.25560151190062425,-0.2716956548493511,0.14161438516367011,-0.19822137997487077,-0.024881199320180222,4
-0.4593494973871886,-0.10376578387529085,0.12033120389126112,0.257363219943378,0.3016218656127313,-0.4834373285686358,2.0338924631351167,0.6444412529655942,-0.6226162346243271,4
0.27462325969418117,-0.1126831633676091,-0.28910102205328425,1.2417933839775641,0.25506931378509745,0.51654317834902,-0.798800734684657,1.9569266994477614,-0.11764103988418431,5
-0.31414130683478786,-0.10288419260223865,2.0246216237958627,0.257363219943378,0.3016218656127313,-0.2716956548493511,-0.39925404168087686,-0.19822137997487077,-0.08475335800439082,4
-0.38643430026838815,-0.16833183443997907,-0.18302441284585425,-2.5343044094072975,-1.9454368443905639,-0.4049583380341277,0.09806950331052604,0.004042392710791611,-0.685658241704945,6
-0.23217637420072215,-0.23313716954884098,-0.24252125638655303,0.257363219943378,0.7894701381792362,-0.23636742638079522,-0.4872392139097834,0.12536176991228526,-0.5859574013217324,4
-0.09659785469183159,-0.38183876358415564,-0.2354755775462071,-0.7944195988957731,-0.6558173275015015,-0.05805043344052381,-0.20876536586257455,-0.25673282378161877,-0.5951905696920777,0
0.3531681649489709,-0.08107358025351087,0.018951713910728363,1.9323637975537835,2.5486805756160265,0.22543244616240146,-0.32912576165514,2.832286362546824,-0.030394127177361358,1
-0.4897559783894598,-0.07195326723760011,-0.10747907861325649,0.9773196085653946,1.0243173399365544,-0.5211765276963689,-0.4279988976523121,-1.3346370049381198,0.005351053076299003,1
-0.43700663169471116,-0.1537206207413183,-0.14583888563291753,-2.464909429336649,-2.47763495991766,-0.5111593356772434,0.9130253348861409,0.1379662050364082,-1.0164435131800804,6
2.529116470189291,-0.2367507770904447,-0.024496638938071368,1.4667430229531369,2.0756155840363855,4.102316983960962,-0.263182439889477,-0.8846455817810507,-0.04502623853711342,2
-0.3844130616250133,-0.10667734257593044,0.04243731004521477,-0.08057549308328259,-0.37840905978300254,-0.3549395485806549,0.4720850673879714,1.6690491294923195,-0.11542083896268665,0
-0.47519455728131527,-0.08744781073638434,0.21309930862248225,0.08104736966859877,-1.250622638007966,-0.5126472223252476,0.7788390003483228,-0.2633040426491931,-0.18475561966536885,0
-0.46283781041032246,-0.09603091888727101,0.46909230648838346,0.4630650452639543,0.2572720226521399,-0.4853505533845905,1.1736837065231642,0.5767545402716387,-0.4469095675940153,4
-0.35973559840905367,-0.0796353442218194,-0.252306921442589,0.7128458331532251,0.8190367001529638,-0.37275058436357844,0.12036867862294337,-0.09235840120997207,-0.026608872513155035,1
-0.48281086879420343,-0.10639001146542329,-0.1975071971287875,0.257363219943378,0.3016218656127313,-0.5127806528211892,0.7910630899975224,0.3310898302564489,-1.0017025458225635,4
0.5235539782289538,-0.13860302152116966,0.3422700873621572,0.9773196085653946,0.4346713944945055,0.8136878834749778,-0.6228770941161529,-0.688690990916381,-0.05422329538750406,1
-0.34733420323246145,-0.11884703207485826,-0.2292127519103441,0.6981528456303268,2.371281203773661,-0.3095418716103479,-0.4186639723470155,-0.36681696412335335,-0.19426972704684026,1
-0.31414130683478786,0.81047471147963,-0.20846714199154778,0.3140046868441509,0.3016218656127313,-0.2716956548493511,1.0425215232711136,-0.19822137997487077,4.655932372578911,3
-0.4769186056405442,-0.0713978868622854,0.1391196807988502,-1.8290410083081794,0.3016218656127313,-0.5172600238645535,1.2356450348193098,-0.8789784485583076,0.05704114932572368,0
0.036608395285727256,-0.23912149582400205,-0.26483257271431504,-0.15404043069777412,0.3016218656127313,0.11454396233378733,-0.455563367683042,1.2983290258920437,-0.5398060788068348,4
0.023722762971200614,-0.26820231228897246,-0.12078758308946541,0.007582432054107243,-0.00882703511140803,0.11112850595302919,0.1245653830151677,0.30084667825751654,-0.4257220589689921,4
-0.4331590803745029,-0.11660275167375729,0.08079711706487576,0.257363219943378,-0.6149415555728233,-0.43370509590550865,-0.2948446585250844,-0.1811287966848841,-0.405928050655649,4
0.32928460441695023,-0.015483695291757029,-0.2742268111681096,0.257363219943378,1.4251512206143786,0.8061738794373099,-0.7498284779626616,-1.1856932382689218,-0.009896321301751188,1
-0.26921608325178337,-0.05796697499710506,-0.24291268298879445,-1.2119355323464511,-2.3263428622980964,-0.3330174418007588,1.1336691942352308,1.3204693788943604,0.1308807525673393,6
-0.30264486058749485,-0.10348477468140652,-0.23899841696638008,-0.9768477319800783,-0.8071242084020522,-0.3005136819105439,-0.015353156072496332,0.8294215026327761,-0.1931232843549946,0
0.42900462519497484,-0.11347340294546156,-0.20885856859378923,1.285872346546259,1.1886187248245588,0.6045481044265546,-0.20486351403938122,3.113159797074512,-0.13089718958689933,5
0.42900462519497484,-0.11347340294546156,-0.20885856859378923,1.285872346546259,1.1886187248245588,0.6045481044265546,-0.20486351403938122,3.113159797074512,-0.13089718958689933,5
-0.052647178867442954,-0.09469731057568721,-0.2981038339048374,0.5953019329700391,0.5825042043631434,0.011271946234263822,-0.5836849331433199,2.2262982167820726,-0.10354911566459282,4
-0.44968059492809664,-0.12975233824922217,-0.2812724900084555,2.725123939351761,2.2234483939050236,-0.490105665606428,-0.4439242183578773,-1.322071302645115,-0.11087009594117188,1
-0.3424457882879677,-0.06139345380667331,-0.04563367545910909,-1.5792602204189083,-1.4723718528109226,-0.35999510711545313,0.6370832097978902,0.3738082316946803,0.09881893571768258,0
-0.2616382644876564,-0.09031748673939775,0.294907468490943,0.5659159579242424,0.3607549895601865,-0.2807310170075547,0.46325410199668104,1.2629238934900702,-0.10095698234354641,4
0.11145996643762723,-0.10667734257593044,-0.09691056035273761,-1.4323303451899254,-1.161922952086783,0.8196080078682919,0.2592999758152736,-0.39210655687714396,-0.05555287399433704,0
-0.057038142745323046,-0.15914925054533352,-0.16149594972257508,1.8001269098476989,0.5085877994288245,-0.051788763409133895,-0.24852650757149133,0.09220819362335116,-0.20102511925620756,1
-0.05424762364536186,-0.04993814088612411,-0.11295905104463662,0.257363219943378,0.3016218656127313,0.11329162832750934,-0.6586576383783198,-0.5967918913826408,0.011651098647307602,1
-0.35890665008818284,-0.1811179108096318,-0.29379814128018156,0.257363219943378,0.15378905574409374,-0.4214549923531895,0.18609813346719625,1.2986882400230517,-1.1840795912041244,0
-0.42235944316128843,-0.09351400583181094,-0.12039615648722399,0.8744686959051065,0.09465593179663855,-0.480032232405566,-0.43307439465474573,-0.024720337647120057,-0.16817674259199858,4
-0.3042453053654138,-0.13054257782707462,0.20213936375972197,-0.35974225601834997,-0.4375421837304577,-0.29474156062706264,-0.40750640258251203,-1.19572049639677,-0.07147260086039944,4
-0.24753210836326148,-0.15507161432361485,-0.16267022952929944,0.03696840709990385,-0.09752672103259082,-0.19972356411437128,-0.0724935214908984,-0.5776080790083289,-0.19046719123081315,4
0.35669735086951004,-0.060211255398206036,-0.08203634946756293,-2.0347428336287554,-0.3931923407698663,0.42352891624637334,-0.747861467445446,-1.1797809990678516,-0.020451816107136526,0
0.06614513714381345,-0.09463835870317941,-0.07812208344514855,0.75692479572192,0.862410846568422,0.07255844013640371,-0.7014257855919735,0.1921477678027335,-0.053169163454850565,1
0.469713374417938,-0.18933640241929733,-0.15523312408671205,-0.15690556326473928,0.3755382705470503,0.570735086257049,-0.858596816442829,0.84093494072259,-0.19096824720504757,5
-0.16329889407138318,-0.15279856920188004,-0.18380726605033715,-0.20314439499929998,0.3016218656127313,-0.16425279726619177,0.1413695385721708,0.8789097544054856,-0.34047829189485973,4
-0.31414130683478786,-0.09942167886792033,0.1359882679809187,-0.08057549308328259,-0.023610316098271827,-0.2716956548493511,0.35711102721156635,-0.19822137997487077,-0.17580588669073813,4
-0.35182365601975196,-0.10435403821704423,-0.07890493664963141,0.257363219943378,-2.6535855702233127,-0.31560999911349485,0.4980793568560206,0.939047960562626,-0.2623931763092228,0
-0.31414130683478786,1.1938989546536416,1.255468350391435,0.21328425737468312,-0.3636257787961387,-0.2716956548493511,0.9444582287886509,-0.19822137997487077,1.0081015506453759,1
-0.48521867640701405,-0.13512596737861884,-0.21707852724085946,0.22797724489758142,0.8042534191660999,-0.5230078954077314,-0.193062237408503,-1.4086477459764073,-0.13044873069424295,1
-0.31414130683478786,-0.11078658838076322,-0.019408093108932663,-0.04944105252226096,0.09234973996268754,-0.2716956548493511,-0.12883954016633598,-0.19822137997487077,-0.0766344022366886,4
-0.3554267086223489,-0.09891718992141932,-0.7513758393004241,-0.9327687694113835,0.5085877994288245,-0.20874036895957276,-0.30670910747859226,1.1374247799882982,-0.23045514699632008,4
3.5313231975312327,-0.4050718071730179,0.5297634298358066,0.257363219943378,0.19813889870468512,3.957273936324766,-0.3907632805098314,2.415706152948949,-0.22518059143741792,2
-0.4202679490958675,-0.12365643014566831,-0.3172837374146679,0.257363219943378,0.3016218656127313,-0.4612349266684255,-0.3298076821463933,0.8981411394481198,-0.7374278234665083,4
-0.24539818199270294,-0.09624618014827802,-0.21198998141172076,0.4189860826952594,0.6712038902843258,-0.22996173793868332,-0.7570790117348564,-0.04474398641395753,-0.08281461536083479,1
-0.32019878513398303,-0.10551648063606518,0.023257406535384238,-0.7270669440908076,-0.7036412414940061,-0.3218912510948011,0.45062058783031295,-0.30994057823685495,-0.12634790931932585,0
-0.07189355324805759,-0.14445079439727784,0.020125993717452724,1.5356531344355293,1.7799499642991097,-0.12169177066865042,0.5690965662313106,0.848742433768199,-0.24409454285572899,1
0.09102351773497033,-0.09782665930398293,-0.25582976086276193,-1.4764093077586204,-2.669817612746889,0.276436594781723,-0.3617706933690013,-0.12385061918519703,-0.05152859488876423,6
-0.45772385586327885,-0.16926431714184495,-0.09103916131911605,1.869771670706237,1.2638212752047349,-0.47769617408967346,0.011461630968534425,-1.1472592087109539,-0.3742856188454378,1
-0.4085778900674919,-0.08145289525088005,-0.20142146315120188,1.9617497725995803,-0.14187656399318221,-0.4008597903772179,0.43336261056200576,0.3057712497154818,-0.04769471505038162,1
1.8873791512893945,-0.35828962416415244,0.26007050089145495,0.6834598581074285,0.8042534191660999,-0.2716956548493511,-0.2638331592054957,-0.4229072123082027,-0.10420776331963312,5
0.05967121490599468,-0.1792213358227859,0.00955747545693388,0.22373097150346405,0.46423795646823307,0.14767388922714125,0.08944910086574666,-0.47809814268862355,-0.13752406866632227,4
-0.4325029800896473,-0.0844712943424453,-0.27383538456586815,0.37490712012656446,0.4051048325207779,-0.45321065344747236,-0.49206442667849126,-1.024735140428308,-0.04358699285533252,4
-0.32935997726506444,-0.10478076758908454,-0.2926238614734572,-2.1569150248816547,-2.228329709355189,-0.3509827423635466,-0.09486361073611345,0.7327573907857328,-0.21923659472225598,6
-0.45985778223383744,-0.10493881550465503,-0.22138421986551526,0.33082815755786954,0.538154361402552,-0.4881702403239984,0.14180119901876762,-0.9904792140178107,-0.1744878827584777,4
0.11006470688764665,-0.1752701379335236,-0.22138421986551526,0.257363219943378,1.2773184107457414,0.32960386577552464,-0.6054021631772222,-0.7004618722707037,-0.10264563521440877,1
-0.4483263724237037,-0.09099898935133771,0.2311049323255884,0.4189860826952594,0.34597170857332266,-0.47983652675494853,0.017352657225468943,-0.6883785091980511,-0.11484928628988511,4
-0.31414130683478786,-0.18364667745875965,0.059268653941596645,0.8744686959051065,0.35432426233090086,-0.2716956548493511,-0.9050542616247873,-0.19822137997487077,-0.06333747701449345,1
-0.31414130683478786,0.76543105554204,-0.28283819641742125,-0.2827803873734088,-0.05317687807199942,-0.2716956548493511,0.9149949090171204,-0.19822137997487077,4.941293630978399,3
-0.4358921476106414,-0.09434960516143212,0.21505644163368948,0.139819319760192,0.07987265080977475,-0.4483232492151535,-0.63518572302707,-1.0289904480074152,-0.0813919141627807,4
1.5759900493701964,-0.23185129170775948,-0.012753840870828165,-0.8446108442739937,0.3016218656127313,2.252733505234406,-0.2878879027861111,0.7777519782807586,-0.1303970282735568,5
-0.4527419585289364,-0.08636818542512233,-0.07146783120704409,0.3547042622825795,0.4051048325207779,-0.48450431714198466,0.1348804062922933,-0.19665583411797502,-0.11829186268632184,4
-0.4123705338207039,-0.08225988790778298,0.08627708949625593,0.1692052948059882,0.3016218656127313,-0.4413324930950177,0.663444345775923,0.30076604458077044,-0.05746117703006596,4
-0.2871738944009454,-0.11710850500358286,0.049874415487802096,0.5001501457717495,0.3016218656127313,-0.26696251539689647,0.602844551876171,-0.5188173209892627,-0.12803380499354913,4
-0.20084647759863736,-0.05935305521665827,-0.3255036960617381,1.3446442966378513,2.4599808896948434,-0.2959075974354535,-0.9235079053499206,3.560241397091878,0.17966171478489615,1
-0.3741970532741466,-0.11303086878186419,-0.25074121503362323,0.5953019329700391,0.18335561771782133,-0.3948030477286735,-0.14328482177609,-0.1684388147863075,-0.2270776181980668,4
-0.42170974465554456,-0.07984080651206105,-0.10513051899980784,-2.25513764647223,0.3016218656127313,-0.47905097178737416,0.4768376925466584,1.57777673764441,-0.035480296414061724,0
1.2949683611858704,0.0757099519924164,-0.3157180310057021,0.257363219943378,0.3016218656127313,1.9239389043134225,-3.5255094150001587,0.8299472711494519,0.10188139012276183,5
-0.3419173132148898,-0.2008739002559432,-0.16736734875619666,-0.4772861562015364,-0.2897093738618198,-0.38331572943472364,0.7092962176213132,-0.4924330435455331,-0.4735303856143335,0
-0.2461368488132809,-0.12753966743123527,-0.7247588303480063,0.257363219943378,0.3016218656127313,-0.19626256831520306,-0.8263944397597471,0.10125581743325911,-0.20711605622989995,4
-0.12376437887086547,-0.11220901962089763,-0.26992111854345374,-0.6242160314305195,0.3016218656127313,-0.08753720686106906,-0.7632678699046758,-0.06258469995101758,-0.10153466191642714,4
-0.48305192039998535,-0.09169440017984787,-0.25974402688517634,0.21328425737468312,0.9077363860741465,-0.5040976519129339,-0.5140031544605086,-1.2932125366998388,-0.07506745366944655,1
0.21897702587730813,-0.09434960516143212,0.07688285104246138,0.14582875165705728,-0.03463864371447216,0.06695527009522396,0.33282682888055753,1.5800242824690236,-0.06490889939444468,4
-0.24537355976535033,-0.027985285413382882,-0.13448751416791577,-1.76608155677256,-0.3931923407698663,-0.3069802793247793,1.025959869093824,0.7069296725591304,0.2420373896964907,0
-0.4169248251400229,-0.07919281005822203,-0.3599492370589848,1.4768811843439362,1.0112193529821931,-0.423777502692105,-0.05822142564580393,-0.39345855844773536,-0.023863326989038574,1
-0.44894701670117154,-0.13719165363512517,-0.3024095265294932,0.257363219943378,0.3016218656127313,-0.4742864101362166,0.27063737019029943,0.22501962631434178,-0.9839793494262711,4
-0.26008944431308684,-0.1777989045826515,-0.04602510206135052,-1.814348020785281,0.020739526862319564,-0.18282843988422104,-0.33637363355398153,-0.36746183545549505,-0.3023736283858999,0
-0.33112916637443984,-0.19337594909336353,-0.3074980723586319,-0.24512226035222037,-1.1767062330736469,-0.3564496356951341,-0.767749305055058,0.5441691228777104,-0.8299406507672222,0
-0.41390179013976197,-0.09066851115987981,-0.058550753333076584,0.4189860826952594,0.7969504783585893,-0.4564874422991717,-0.6384326939009463,-0.9261690270005821,-0.06558852847693938,1
-0.4133217725374259,-0.10667734257593044,0.10584841960832789,2.3437674481949355,0.020739526862319564,-0.40301152789709555,-0.6324822436912941,-1.2569202532847785,-0.06597994783104187,1
-0.479992608651425,-0.07797141576669328,-0.126658982123087,0.5071440078326492,0.6268540473237348,-0.5166201950358915,0.26353169366377016,-0.4181211908863068,0.0018399262329575482,1
-0.33934675267927844,-0.10060893480968586,-0.08399348247877012,0.03696840709990385,-0.747991084454597,-0.28214046200734755,-0.5947972661782798,-0.4544504593907512,-0.10518745644513394,4
2.7023748766604108,0.01185859410193795,-0.1047390923975664,-1.1346944969385748,-0.5262418696516405,3.3654891940854066,0.16279994542102041,0.975899206688604,0.019693143544957995,5
-0.050390141360121404,-0.14287031524157293,-0.23273559133051705,0.257363219943378,0.3016218656127313,0.048284108547079485,-0.5969804446572661,-0.11516810984160039,-0.14506067707475157,4
-0.31414130683478786,14.553215114080551,0.44169244433148275,0.04785591085437137,-0.08274344004572702,-0.2716956548493511,1.396971289324294,-0.19822137997487077,3.5555178984397884,3
-0.3001662230339999,-0.08077328921392694,-0.29418956788242295,-1.5939532079418066,-1.1351652135005599,-0.28737555969922757,-0.5698389752558652,1.3939217047791281,-0.03718813588957455,0
-0.2957095998831796,-0.11189292378975665,-0.2233413528767225,0.8156967458135133,0.14724006226691308,-0.2731103368822611,-0.21947085725265497,-0.3228435893124542,-0.13575167066045932,4
0.004024981089121672,-0.13907716526788114,-0.29614670089363015,0.6981528456303268,0.4051048325207779,0.06274287389228893,-0.4984603600695892,0.7956806455906421,-0.1927026941034403,1
-0.08658481556844146,-0.1955002711265465,-0.2902753018600086,0.24267023242047972,-0.3636257787961387,-0.08548793303261418,-0.3021766665123761,0.4082096915814911,-0.3534115233151242,4
-0.31414130683478786,0.5157153489406638,-0.3439007463670858,-0.3450492684954517,-0.12882292688178157,-0.2716956548493511,-1.2464620407216336,-0.19822137997487077,5.855812668545871,3
-0.3262411618004019,-0.07980919692894695,-0.19398435770861455,0.40429309517236106,-0.8810406133363712,-0.32388678840953206,-0.08986713196771837,1.091290558520454,-0.029015517746260686,4
-0.19713861638160954,-0.1144216904388845,-0.03584801040307311,0.4630650452639543,0.3311884275864589,-0.16017257922519207,-0.06417104953961333,-0.4152775522297827,-0.10082461774752306,4
-0.4541269588175201,-0.12798314988232606,-0.30984663197208057,-1.4373406539352338,0.3016218656127313,-0.493470914778389,0.4749570551391271,0.5434267770586996,-1.061711932757129,0
-0.18466335452295954,-0.3707754094942213,-0.28988387525776715,0.4537790771494827,0.3311884275864589,-0.158464851034813,0.26865906488789476,-0.0035912287747703765,-0.8628131759588192,4
-0.2757098674196666,-0.05521504469119167,-0.20298716956016769,-0.13934744317487582,0.3016218656127313,-0.3291966845961507,0.04593210496627437,-0.742290977747153,0.02350822352435399,4
-0.3304687982368431,-0.10313153759010647,0.46243805425027906,-1.2707074824380442,-2.0932696542592018,-0.36156052462330057,1.0503907098421241,-0.21319887102367469,-0.13016955689970125,0
-0.2289012896664618,-0.21256944600815955,-0.24291268298879445,0.36021413260366614,0.18335561771782133,-0.16700349198670836,-0.21351779836116114,-0.7414954277517533,-0.2486806567066521,4
1.9692070201911973,-0.1490341839488221,-0.21551282083189371,0.4777580327868526,-0.023610316098271827,2.651203416322855,-0.874965775488774,-0.3668377682592151,-0.045049031698347446,5
-0.23210217922229964,-0.18601739619231702,-0.07929636325187284,-2.551392353896428,-0.33405921682241113,-0.17690831549090694,-0.471145287173554,-0.5915085317161597,-0.242071050423453,0
-0.3109425512053206,-0.11225643399556878,-0.14466460582619323,2.035214710214072,-0.008457453086736476,-0.3317651077944808,-0.5655085643981763,-0.42625726279153764,-0.134749773698019,1
-0.2876096257509952,-0.06879294111785257,-0.2178613804453423,-1.109084619686163,-1.1323563901130556,-0.2858291548985663,0.872529652023058,-0.45565152091366723,0.00582460113837686,0
-0.45744480395328274,-0.10079796011670816,-0.13644464717912297,-0.15404043069777412,1.0851357579165122,-0.5096648458135696,-0.17020754911593114,-0.889588673772611,-0.16895380543997426,4
-0.2642752229630286,-0.15077271102009748,-0.25465548105603764,0.02227541957700555,0.3016218656127313,-0.294058469350911,-0.05620281838317593,0.017958260143955664,-0.2993934047972999,4
-0.4343327398783101,-0.10983830088734027,0.029520232171247274,0.257363219943378,0.41988811350764166,-0.4534464337862907,-0.4363419094655946,-1.1667037691646427,-0.10436067134408179,4
-0.4617466353681464,-0.08287548453893004,0.22875637271213983,0.6981528456303268,0.5736342357710249,-0.5049764488397029,-0.17897421298738495,-1.394692363302595,-0.11542083896268665,1
-0.4550072034453755,-0.08545150751481347,0.5509004663568443,0.11043334471439538,0.050306088836047154,-0.48231842505829947,0.11020272123518647,-0.7302823994077501,-0.07459635323787157,4
1.054466651814804,-0.17501726126861084,0.12698545612936565,0.1251263322372937,-1.575854819718969,0.9379649563161638,0.7161200264869589,0.8817434289856245,-0.11710495316462438,5
0.08142084906745685,-0.11979531956828121,0.16143099712661227,0.5071440078326492,1.0216415660779323,0.3348408988926871,0.45512238370868624,-0.26347919653866225,-0.07810244347030279,1
-0.10349404812874743,-0.10615894541285922,-0.22412420608120537,0.5419370022868721,0.6913387189884344,-0.28591522439936146,-0.6998845232075145,-0.2839045085826821,-0.07517347760940973,1
-0.16398068354677664,-0.11742460083472384,-0.2284298987058612,0.8123614376458153,0.9373029480478742,-0.11451931226905833,-0.6324034722270507,0.17230298091334037,-0.14007752854048827,1
-0.5218237210712108,-0.24307269371326434,0.5418976545052911,-0.697680969045011,-0.7048830370969026,-0.5573901563073633,-0.4374351306740489,-1.5038522555163298,-0.12494183497004016,0
-0.31414130683478786,-0.1490341839488221,-0.08047064305859716,0.4917457569086515,0.156450046321729,-0.2716956548493511,-0.3875882536845683,-0.19822137997487077,-0.20041118378493059,4
0.9038032426442527,-0.2977572725006543,0.18530801986334003,1.4034162467294446,0.8486032621266913,1.7181007330997322,-0.33407951171232964,-0.37580332011012724,-0.13466410501210554,5
-0.23577680043240148,-0.10667734257593044,0.1461653596391961,2.4466183608552234,1.1738354438376948,-0.36656143585600665,0.18292258020013513,0.4846756570272737,-0.11542083896268665,1
-0.36744235557041705,-0.13164891323606806,-0.07851351004738998,-0.021803542991689368,-0.07279429194156758,-0.39333440148494747,-0.7363736200784289,-1.2473044211095918,-0.08123538643896244,4
-0.31414130683478786,1.0036092643067702,0.2416734505861073,0.7364721570900455,0.7007704522580533,-0.2716956548493511,1.0423540178435373,-0.19822137997487077,5.068350084056528,3
-0.18351431724650494,-0.21193725434587757,0.5935659660011611,0.11043334471439538,0.44945467548136925,-0.1794129835034629,-0.8000893963292227,-1.334314694759305,-0.06633812417965529,4
-0.4967513994026066,-0.07547157188611482,-0.04641652866359195,0.4630650452639543,1.045560914714678,-0.530439245400985,1.4402951217522326,0.02851610537191713,0.1803962393581523,1
-0.41184443889627,-0.1828564378809072,-0.00531673542824084,-1.5498742453731118,0.7894701381792362,-0.4315875129494386,-0.296759254198,-1.2166714757676584,-0.20393864016297952,4
-0.1337774179942556,-0.17685061708922853,-0.011188134461862441,0.7422318081990217,0.8042534191660999,-0.08548793303261418,0.21784880127341225,-0.43305616635138333,-0.19797799083504256,1
-0.5871546976467726,-0.10604515091364848,0.9372385227691448,0.051661394622802156,0.38143679966080907,-0.5142757119275931,1.2216797635243173,-2.2509305121137713,-0.20229992504150995,4
-0.3945268056582756,-0.09498179682371409,-0.17402160099430117,0.40429309517236106,0.7451202952186448,-0.34050867612922164,-0.22187839145376378,-0.4464237534108123,-0.11165910652942944,1
-0.09093474240073389,-0.18143400664077278,0.13168257535626288,-0.19811939326646902,-0.5262418696516405,-0.07581080662046612,2.316305291395394,-0.469344876737586,-0.18224930564403075,4
-0.384463455116995,-0.09813738150599452,-0.252306921442589,-0.4772861562015364,-2.211535902154112,-0.4064576095367345,0.1633604285761063,1.0644761746192266,-0.25949127796960203,0
-0.3901604640077481,-0.10517588737801077,-0.21707852724085946,0.37490712012656446,0.2572720226521399,-0.3904768029797132,-0.13345828613790658,-0.22948844662370815,-0.19173427778416247,4
-0.28036174483339305,-0.3010762787276346,0.11445980485763958,0.03696840709990385,0.31640514659959507,-0.24208660809037472,1.3082883403611374,-0.8792068309896508,-0.39628596186090614,4
0.19550383580116407,-0.10051347386868129,0.5450290673232228,0.03696840709990385,2.0756155840363855,0.4571142373238284,-0.9088957403629127,-1.3402848576898712,-0.027857247704792365,1
0.767642325384382,-0.19297150447741862,-0.2233413528767225,1.5062671593897328,-1.575854819718969,1.1276821734126758,-0.16005298399940557,1.2086446080107798,-0.1773185851794053,5
1.8449468461517493,-0.21462406891057592,-0.3258951226639795,0.257363219943378,-1.0732232661656003,1.9405607920331123,0.9442535886796692,1.0137617367919975,-0.11641469657528747,5
4.8165213912457085,0.23249348423834368,0.6025687778527142,-0.24219835583516394,0.07987265080977475,4.974396846514539,1.7541385780830177,0.7155652774443488,0.05741567437245386,2
-0.31414130683478786,-0.24323074162883485,-0.0988676933639448,0.9920125960882928,-0.33589234366478243,-0.2716956548493511,-0.5224206900224369,-0.19822137997487077,-0.12668055163793565,4
-0.41664339308138265,-0.0911303271691768,1.073846406951407,-0.03649653051458767,-0.06796015905886321,-0.4163526420659749,0.6280708056295786,0.23710261406331318,-0.1571228367085386,4
-0.008072165431483584,-0.1493866308005443,-0.2065100089803406,-1.256014494915146,0.3016218656127313,-0.08575820948087816,-0.6667534065045482,0.5102962309189762,-0.20128297484182409,0
-0.31499701130938185,-0.10947479068152813,-0.19515863751533885,0.565210694523143,-0.8384056309702561,-0.2794858554596763,0.8218650622457151,0.29148386685973604,-0.19627715771319076,4
-0.15659401534099704,-0.08455063439606168,-0.30397523293845896,0.257363219943378,-1.4280220098503313,-0.13182429126489956,-0.7555768645093542,-0.522769698619742,-0.03389846210852003,4
4.53870059261722,-0.044248415925586426,0.1305082955495386,-0.03649653051458767,-0.8662573323495074,4.679870657947162,1.6133614863018781,-0.08963592347850997,-0.018666852640503804,2
-0.5103730721667936,-0.10597308106414834,-0.14701316543964185,-2.7060654335499783,0.3016218656127313,-0.544310779945796,0.7569656419054094,-1.3527598467586532,-0.552709582994051,0
-0.048830733627790154,-0.0159578390384685,-0.6946189819754153,0.257363219943378,-0.9253904562969626,-0.3427856470497271,-9.004484593435796,8.452455622778993,0.8352306427997852,5
-0.3521109153388656,-0.08700037708740428,-0.012753840870828165,0.257363219943378,0.3016218656127313,-0.330179994488171,-0.6345296897583557,-0.4709677649164258,-0.05558990183989064,4
-0.2664091493335871,-0.09798470721955342,0.4679180266816592,0.9185476584738014,0.9659677298814033,-0.2930338324366836,-0.7698430113181266,-1.0797469117396334,-0.044799223349107214,1
-0.2919752287347021,-0.11842030270281793,-0.16032166991585076,0.6393808955387336,0.3016218656127313,-0.2595054356322412,-0.2829713418330244,-0.1875794097626901,-0.17082351685598285,4
0.10809492869943875,-0.10778367798492387,-0.1975071971287875,1.0067055836111911,1.159052162850831,0.1779576024698634,-0.06668536671521308,-0.32983875820784164,-0.05877396534216858,1
-0.45907709347857767,-0.07505306100568415,1.1008548425060667,-0.5507510938160279,-0.34884249780927495,-0.5021688298461737,4.85746019148604,0.2330290673988488,0.05934745860462555,0
-0.3411307151250654,-0.06998414825750736,-0.2710953983501781,0.27947616616534005,0.7746868571923724,-0.40107086558154875,0.4730956465764313,0.08716957861978752,0.029300272403508913,4
-0.337239090017896,-0.11679240917244188,0.10937125902850084,-0.34516681239563496,0.4346713944945055,-0.3525766220079004,1.1143804125794883,0.21512648554629948,-0.25431079074694607,4
-0.31414130683478786,1.2816155477952642,-0.020190946313415527,0.38456041292910853,0.2572720226521399,-0.2716956548493511,0.6964398671752248,-0.19822137997487077,1.0005289052110835,1
-0.4419328007211456,-0.10822621214852125,-0.30984663197208057,-0.8739968193197902,1.099919038903376,-0.4850166355990984,-0.8655820753551923,-1.0487153737062542,-0.13764945371246476,4
-0.2833164121157049,-0.11521193001673696,0.029911658773488704,0.12960769343177767,-1.3541056049160123,-0.2858613740370915,0.0721423952284325,-0.03485006022317386,-0.1688750089921226,0
-0.44826662248532806,-0.10529015602096824,0.21857928105386243,-0.46259316867863814,-0.34884249780927495,-0.48246392350011974,1.820805761891678,0.09825489159720097,-0.4194121774787747,0
-0.4296545166813164,-0.14034154859244508,-0.25582976086276193,0.7863107707677166,0.730337014231781,-0.47371147497878896,0.10932208654665271,-0.7097516683924593,-0.38279659468835536,1
-0.2552470729337424,-0.0717487532348519,-0.15014457825757335,0.257363219943378,-0.6740746795202784,-0.22222003680896488,0.15518295697115847,1.3322831214535853,0.02766448400708113,4
0.10422825411598666,-0.15076591495972796,0.4448238571494142,-0.9180757818884852,-0.5853749935990957,0.1521882117741353,0.6314738790159875,-0.41323870675626595,-0.1043957387572241,0
-0.4138142170844779,-0.114579738354455,-0.21707852724085946,0.257363219943378,0.3016218656127313,-0.26935333486342716,0.2868542145675162,-1.1274616301235052,-0.10678542142149669,4
0.24663599460339397,-0.09276912600572722,-0.31336947139225346,0.257363219943378,-1.915870282416836,0.44755095945770557,-0.7887892266004494,3.659142445252458,-0.0827131468559146,0
0.24663599460339397,-0.09276912600572722,-0.31336947139225346,0.257363219943378,-1.915870282416836,0.44755095945770557,-0.7887892266004494,3.659142445252458,-0.0827131468559146,0
0.12024189419338743,-0.4325721444822833,-0.19946433013999468,-0.8000176271419976,-0.5410251506385043,0.10145137954088114,1.0441765778786884,0.254926897313884,-0.644428515822168,0
0.8454485638185938,-0.05388933877538639,-0.18537297245930287,-0.15404043069777412,-1.4575885718240589,0.932545765525361,-0.17884146717020064,0.31118568998281626,-0.003372767649579419,5
-0.4036616520060897,-0.1594337367933604,-0.26796398553224654,-0.31566329344965505,-0.2601428118880926,-0.43634638217329497,0.026025359984097482,-0.1036362925603434,-0.6623496336014223,0
-0.44835690398562095,-0.092612816617228,-0.013928120677552528,0.22503864739300208,0.29718688131667226,-0.4696182782035424,0.2734914870731994,0.19455108792104153,-0.23918083039188173,4
-0.5388130579445038,-0.20687972104762187,-0.017450960097725475,0.30144218251207294,0.2720553036390037,-0.5469160900730383,0.5803822901261122,-1.631355245707133,-0.48164136745424735,4
-0.31414130683478786,0.26475106380628094,-0.1325303811567086,0.7578210679608168,0.8042534191660999,-0.2716956548493511,0.7873803265297542,-0.19822137997487077,1.7770063617763927,1
-0.18737179953174538,-0.17748280875151048,0.7779278956568789,-1.0062337070258751,-0.42275890274359396,-0.14081832640089598,-0.245559760981244,-0.952130508200778,-0.12872560964345928,0
-0.3241852878905511,-0.1974320907985646,-0.2573954672717277,0.257363219943378,-2.7587538311638617,-0.36905084816339523,-0.2866607083386767,-0.12288900820509047,-0.565738476038226,0
-0.20739787777852564,-0.18222424621862524,-0.13605322057688155,-2.069374205220227,1.1294856008771035,-0.23428798268764364,-0.690614354087027,-0.7506702610721776,-0.1836759168185683,4
-0.42284236711376405,-0.07459361571512074,-0.00022818959910209926,0.35727553509908644,0.32084013089565416,-0.3560365931701544,-0.5034500557902866,-1.2925481421276477,-0.01818347971210622,4
0.41480580742164297,0.016916127400193666,-0.28479532942862845,0.257363219943378,-2.521984802878251,-0.2716956548493511,2.542933074384081,-0.4552375593661152,0.043709927087706754,0
-0.46944296911993055,-0.08372609842053043,19.501819413876124,-0.2627685383672213,0.6593772654948349,-0.48693293432579576,0.1711503079838272,-1.202218106245183,-0.042961939549257575,1
-0.21568736098723387,-0.12959429033365166,0.049482988885560665,-0.5360581062931297,-0.48189202669104914,-0.15368321210175162,0.4556703074574803,0.12286800738273627,-0.19786247195425277,0
-0.07974541740261895,-0.1133553411525304,1.174443043727457,0.3902319061129472,0.5085877994288245,-0.08323589494368829,0.05089841085488977,0.28134445224530696,-0.11327811060332656,1
-0.1902443927228819,-0.23801516041500861,-0.23586700414844855,1.138942471317276,-1.915870282416836,-0.1877239273633077,-0.20362280904956181,-0.6675942824938496,-0.2826561981256489,4
-0.47571490701936686,-0.07668000624856679,-0.11687331706705101,0.8156967458135133,0.9238797289118015,-0.506675410692038,0.49164123637891816,-1.0358893817699537,-0.0050580480060590715,1
-0.4616798270579297,-0.10283677822756751,-0.039370849823246054,1.0360915586569879,1.3512348156800604,-0.482955976916041,-0.29856356814628227,-1.2652133302092905,-0.08991478980957954,1
-0.4071251786536886,-0.07157490052772436,-0.18928723848171727,-0.8005318817052988,0.06508936982291096,-0.3963627728092197,0.6221382655819913,-0.45722996260826926,0.02268867100789693,4
-0.3351872377385128,-0.2960187454293789,-0.12900754173653564,0.6927752121969464,0.6662810577157001,-0.42908284493688265,0.029501492611111183,-0.9314554847016716,-0.4584345475393142,1
1.2698536892862198,-0.5634358185746501,-0.18615582566378577,-1.8290410083081794,-0.9993068612312815,1.3671056657038212,0.44594258271588166,0.8037217213250331,-0.42172135799858845,5
-0.33395612637088284,-0.07443556779955024,-0.17206446798309394,1.0277459417439814,1.2625351297588776,-0.31295732799110604,-0.14731663588785587,-0.6304750667462846,-0.009965744238790568,1
-0.3658665330198507,-0.06134920039031357,-0.022148079324622715,0.03696840709990385,0.41988811350764166,-0.325958831947192,-0.08758631734646813,-1.1948104011560816,-0.0016856896999042652,4
-0.46492175365935523,-0.0858782368868538,0.018168860706245498,0.7716177832448183,0.8257926595639608,-0.48466370510642004,-0.2865600520622315,-1.0893553823588178,-0.05876640513646664,1
-0.35175684770953525,-0.048232487781287366,-0.3239379896527724,-1.606324703436087,0.3016218656127313,-0.3666333881370946,0.18393058294941778,2.3925795565212407,0.4463464452002396,0
-0.08129924409675028,-0.030403418521611398,-0.18889581187947582,0.4630650452639543,0.3016218656127313,-0.176304918196973,1.336051832643473,2.1915694948741637,0.23975267336303593,4
0.0750190699557812,-0.19139102532171373,-0.3713006085239865,1.4034162467294446,-0.15215094427905254,0.2273678714448311,-2.5100796609044798,-0.1182843683520751,-0.1914121153896166,1
-0.24292143214330503,-0.15701481344555404,0.5235006041999435,0.4336790702181577,-0.06796015905886321,-0.2789841249173429,0.049965562161685566,-0.5651537375713057,-0.19409866470979098,4
-0.3816493807528665,-0.07215967781533517,-0.1485788718486076,0.6981528456303268,0.7007704522580533,-0.39949360782491466,1.3299841320589514,0.22778210943670651,0.03413708456748817,1
-0.43997122994205523,-0.07987241609517515,0.017777434104004067,1.285872346546259,1.3364515346931967,-0.47746039375085514,0.9429172447018792,1.2233330592248601,-0.03726937244885229,1
0.21503746950089234,-0.03508163682249794,-0.17519588080102547,0.3352654397897848,1.3512348156800604,0.5508115907026265,-0.03865549700024264,0.0703058403530986,0.03554102084909462,1
-0.45737093727122496,-0.09333809850178099,-0.18459011925482,0.257363219943378,-0.9993068612312815,-0.47265268350075396,0.12577624877059593,-0.5333806478906264,-0.17378315793437313,4
2.537323879306824,-0.22458108759151688,-0.0745992440249756,0.08104736966859877,-0.42275890274359396,3.0059554857376,-0.22716662640712934,0.7715491998345932,-0.0935314666158698,5
2.015989252161135,-0.4817250462247061,-0.31689231081242647,0.257363219943378,-1.3836721668897398,2.496597090820537,-0.07019058546876226,1.21865426572138,-0.29944403215862664,5
-0.13706038164126874,-0.46607830258322747,-0.2902753018600086,0.257363219943378,0.3016218656127313,-0.10404524603473338,-0.2372851205236783,-0.4405357592300101,-0.7124733164166145,4
0.3998683228277331,-0.2599838206793069,-0.1544502708822292,0.4630650452639543,0.050306088836047154,0.40599624015848157,0.8051027156855927,0.1518042164949685,-0.23193537113379803,4
0.23038532455067884,-0.204034858567353,0.2745532851743882,0.6393808955387336,0.4771437607697649,0.28087668807670857,-0.872330949199261,-1.141788996320586,-0.06269944196705851,1
-0.42266754929956063,-0.13514967456595442,-0.12626755552084556,-0.9311084618212959,-0.8812475792701875,-0.4487892313140349,-0.12248770980179377,-0.26705191416678986,-0.49770283215090383,0
-0.31414130683478786,2.0541537591038255,0.16925952917144102,-0.4479001811557398,-0.11248740139129675,-0.2716956548493511,1.0614084138151723,-0.19822137997487077,4.426299054659574,3
-0.43637285556265526,-0.08727696093965265,0.19117941889696163,0.6966835468780371,0.7510336076133904,-0.4610392210178081,-0.3893489379305754,-0.4863396507272553,-0.08980267794706039,1
-0.1616005349026921,-0.0894501197787469,-0.12196186289618974,0.8891616834280047,0.6859871712711896,-0.0004430691517365851,-0.36741273890886084,0.02555588379341186,-0.05259604884960267,1
-0.3793430987908397,-0.19075883365943175,-0.284403902826387,0.09770921751956538,0.44460575931767804,-0.4035807706272219,-0.22236817578709478,-0.40264753798773845,-0.5965452609145833,4
-0.31414130683478786,-0.10667734257593044,-0.06990212479807832,-1.505795282804417,0.15378905574409374,-0.2716956548493511,-0.2766548195144627,-0.19822137997487077,-0.11542083896268665,0
1.3977251233373822,-0.15077271102009748,-0.09573628054601332,-2.578383371975992,-0.1714431259669098,1.8432202851815054,0.2975150565939448,0.056679500822855,-0.061785956605256175,5
-0.31414130683478786,-0.12343042162640251,0.23227921213231278,0.11043334471439538,0.44945467548136925,-0.2716956548493511,-0.1674866313031104,-0.19822137997487077,-0.0502901124805439,4
-0.26498696948170103,-0.21587770497688105,-0.2025957429579262,-1.9330673599702992,-2.260483345501618,-0.33475431521892035,2.301369899676231,0.5840972774561684,-0.7476597254342257,6
-0.31414130683478786,-0.10667734257593044,-0.0378051434142803,0.11043334471439538,-0.629724836559687,-0.2716956548493511,-0.7006461398763411,-0.19822137997487077,-0.11542083896268665,4
-0.41799999573441965,-0.19439393571755306,-0.19281007790189023,-0.35974225601834997,0.3016218656127313,-0.40972859211258655,0.2626005344299557,-0.8536095922592,-0.5103270564900855,4
-0.4110732707355866,-0.09755054959548129,-0.20924999519603066,0.9920125960882928,0.3249350997290154,-0.4304378703316754,0.20150418277522714,1.5902081380382225,-0.36894407575468063,4
-0.41353163598856124,-0.11769992030364763,0.08510280968953164,-2.7549343100511385,-2.7545258128016186,-0.46046018731272353,2.20243065457471,-0.021734470878557392,-0.3795942330468922,6
-0.4057455131810313,-0.0700091198281675,0.2436305835973145,0.7863107707677166,0.730337014231781,-0.4108443078636342,0.25966357532458206,-1.0816177377710148,-0.0023212730083941448,1
-0.3338155334526995,-0.10624792638932541,-0.09534485394377186,0.4924510203097509,1.2346982116606129,-0.39990095792259306,-0.7033811720805438,-0.9747026836679814,-0.07423794878309443,1
0.45600700119165805,-0.08281210732478628,0.019734567115211293,-2.68123428463628,-0.8810406133363712,0.532937368976659,0.8918442402791471,0.20429968537146131,-0.02875561517627934,0
-0.3592349464528842,-0.1111026842119042,-0.03036803797169294,0.39649111879770205,0.3607549895601865,-0.3422164043196007,-0.34284483913800134,-0.4199236128043588,-0.16458740745545786,4
-0.21793619108543788,-0.07446717738266434,0.048700135681077804,0.7716177832448183,0.2277054606784123,-0.24864428434143032,-0.27629058393919365,1.5613736793968038,0.006987936430862929,4
-0.31414130683478786,0.2573070069829108,0.048308709078836304,0.6540738830616318,0.9520862290347379,-0.2716956548493511,0.20070189813770664,-0.19822137997487077,1.131475136216871,1
0.21314976540385977,-0.37456855946791306,-0.1924186512996488,-1.0796986446403665,-0.8958238943232351,0.2870245095620732,-0.5526452326098864,-0.8815302961602698,-0.18363483476806208,0
-0.303872771065569,-0.24119745519502048,-0.2820553432129384,-2.005342165595436,-2.07493838583549,-0.4370733051396663,0.1983834018875789,1.2375590769911669,-1.3580258892970651,6
-0.47339623186957264,-0.10768742680434144,-0.24878408202241606,0.257363219943378,0.3016218656127313,-0.5062380045782089,1.0065113529147098,0.4569899144654505,-0.8715035196413684,4
0.15305511584528395,0.024375989015120853,1.0296152008981247,-1.961277896014264,-1.2210560760342384,-0.022142602024153277,1.2611178855196652,1.7144523710141537,0.29215694134533476,0
-0.31414130683478786,0.6821398040363912,-0.25582976086276193,0.1838982823288865,0.4406142734512249,-0.2716956548493511,0.9479070029494348,-0.19822137997487077,4.642511563377567,3
-0.23119936421937104,-0.16310044843459579,-0.07733923024066565,0.257363219943378,-0.023610316098271827,-0.26980872904752823,-0.06020145065309584,-0.2886128332129593,-0.2517177109849955,4
-0.41068046413522147,-0.08655910730713147,-0.06050788634428377,-0.1099614681290792,-0.023610316098271827,-0.4448225202734224,0.5920777772952525,0.023064182843604654,-0.09182030215879958,4
-0.41726805898931807,-0.08298406345692698,-0.24526124260224308,-2.548997396930196,0.3532155162568862,-0.4164991651447094,-0.23817617050450743,0.9250324604610761,-0.08238352453555998,0
-0.35064999651594475,-0.10130371344653374,-0.007273868439448063,0.1838982823288865,-0.6740746795202784,-0.35906598913134086,-0.14798994524907924,-0.1393923629040278,-0.14028995962124563,4
-0.42240844139372014,-0.08370934534147996,-0.29379814128018156,0.9637726740692819,1.0555691959427844,-0.45765347910756254,0.013299430688139215,0.36848991374093887,-0.08092268762393236,1
-0.2785150777819482,-0.12030107289810678,0.17317379519385545,0.33082815755786954,0.6120707663368711,-0.31443735908943454,0.6078723484051041,0.7965914188186748,-0.27754119658044846,4
-0.24681995147413316,-0.053396545374637595,-0.11374190424911952,0.6834598581074285,0.7007704522580533,-0.26533664431110954,-0.31571564589692747,-0.5986799694626035,0.03038276334161623,1
-0.2092855818755582,-0.32810247229018863,0.09684560775677477,0.257363219943378,-2.802867141628663,-0.24715286838849929,0.27930009216048923,-0.23106579966467555,-0.6800309364953413,0
-0.15889208989390624,-0.12627528410667135,0.1520367586728177,0.2867491949891746,0.9077363860741465,-0.3332223691836043,0.9757019855740834,0.21403051235551718,-0.16831393953006263,4
1.1524877389054993,-0.10667734257593044,-0.16697592215395524,0.257363219943378,-1.9537006984622207,-0.2716956548493511,-0.12347659625778104,1.7689348915659773,-0.11542083896268665,0
-0.4716540451361939,-0.1436197784572082,-0.059725033139800876,-1.4596446089949935,-0.9461461828025192,-0.44556925288680216,1.0377120936922584,-0.3925617784886176,-1.0664029278415161,0
-0.42193955211083545,-0.1327552486450615,-0.20964142179827214,-0.03649653051458767,-0.14187656399318221,-0.4486647948532293,-0.09266536801476605,-1.3221930793925567,-0.08879085741572493,4
-0.42358103393434204,-0.12943624241808116,-0.2695296919412123,-0.3303562809725534,-2.5387194769553814,-0.3890081567359872,-0.6102671815604698,-0.5443860151292124,-0.3569105356848634,0
-0.2581196661248789,-0.22363280009809391,-0.15836453690464358,-0.08755466215665933,0.3016218656127313,-0.2712887601458568,0.5860184472090332,-0.16702629774820274,-0.5000144650988195,4
0.08683773908502856,-0.01674807861632096,-0.0636392991622153,0.257363219943378,-0.06110071668095854,-0.06237667818948412,-0.04360819019604297,2.2437980517230316,0.22249587920640498,4
0.09506156302079652,-0.14577839688806996,0.030694511977971566,0.5787282430442096,0.3755382705470503,0.11887020708274763,-0.14201099095345812,0.3060054764635045,-0.14976431459935896,1
-0.3650139473607214,-0.22249438096223967,-0.04719938186807485,-2.3824376903706206,-2.316024132169265,-0.35308495576590326,1.8872449418343518,0.21994622160345922,-1.0670372336217488,6
-0.4384036148006064,-0.08418712419024955,-0.18693867886826865,-1.52066458617759,-0.7865163147063644,-0.4489152616544849,0.0495252628056011,-0.24538151008348097,-0.07530025814530047,0
-0.3782350985599728,-0.12418905162114087,-0.052287927697213556,0.257363219943378,0.9077363860741465,-0.35078919983530366,-0.32309991800219123,-0.3554802434923054,-0.2629776423430088,1
-0.2857786348509648,-0.14223812357929097,-0.20729286218482348,1.2001387643501469,1.250619805283465,-0.29007904489696745,-0.8699974323913012,-0.7558554312525685,-0.15425317390440094,1
-0.40756837874603535,-0.034402030785544824,0.43229820587768825,0.41801634551874794,0.49380451844196066,-0.4069620724441725,0.6198490725013054,0.061063538522150435,0.38951956836291113,1
-0.22307402919301347,-0.13733863819660574,-0.2233413528767225,0.007582432054107243,0.2424887416652761,-0.20377657235287094,-0.5605546952965064,0.9175879755345012,-0.329970090352724,4
-7.872346964477423e-05,-0.5128604855920929,-0.1896786650839587,-1.1509008621763315,-0.023610316098271827,0.19503488437365407,0.2083650062589518,-0.18171221020005635,-0.7291673349959282,0
-0.17538898222014737,-0.034607493075786463,-0.30162667332501036,1.0654775337027844,1.0350943517759779,-0.27777812726929724,-0.8569658371493561,-0.6535726223067776,0.04577448259831072,1
-0.24148324784363975,-0.1298313622070074,-0.25504690765827903,0.8450827208593098,0.3016218656127313,-0.186801754140503,-0.8446166706922903,-0.28189642728647857,-0.1675546967025265,1
-0.1373476409603824,-0.14874969770079519,-0.2018128897534433,0.6393808955387336,0.5085877994288245,-0.12524384530463886,-0.22942728937873683,-0.7845261362287073,-0.10818487796309348,1
-0.31414130683478786,0.38263900403031026,-0.11295905104463662,-0.46259316867863814,-0.34884249780927495,-0.2716956548493511,0.5205789451536404,-0.19822137997487077,1.527594145242554,4
-0.4579992144391721,-0.08824057908088594,0.2416734505861073,0.5953019329700391,0.5529376423894158,-0.47368779448121573,-0.347137240594331,-1.2753824086656373,-0.04692347083417997,1
-0.40371935009218596,-0.1004041047111065,-0.18224155964137134,-0.15404043069777412,0.5677209233762797,-0.459520709110923,-0.2052708707281564,-0.018592219145231115,-0.2028843374403686,4
0.28718059564400644,-0.10667734257593044,-0.008448148246172356,-0.8005318817052988,-1.0140901422181454,0.3924482631814743,-0.02393458187556993,0.9267277152006512,-0.11542083896268665,0
-0.44519639488264134,-0.08239359644435562,-0.3238597043323241,-0.6682949939992144,-0.48189202669104914,-0.5035863580927343,-0.42452932511273633,-1.179294187627662,-0.03373991407458954,4
-0.31414130683478786,2.7672659541578812,0.0032946498210708482,0.5365299828784458,0.730337014231781,-0.2716956548493511,0.5854950360350653,-0.19822137997487077,7.639249415006669,3
-0.22558254171569622,-0.06079571658998571,0.23658490475696858,-1.814348020785281,-0.9354874372109904,-0.2572602284560768,0.7173990776749352,1.72773961100955,0.10647525819647738,0
0.4211255124421433,-0.1752701379335236,-0.17911014682343984,0.4924510203097509,0.4804995655537831,0.35016047309439363,-0.8001805726830175,-0.6866369123496027,-0.07770684771522599,1
2.2539220424784134,-0.618436493193181,-0.06011645974204234,0.75692479572192,-0.1862264069537736,3.6189160575376604,0.025356728172332584,0.8252207687701242,-0.31241050068637083,5
-0.4159071064094488,-0.10667734257593044,-0.027628051756002886,1.0340345404037816,0.9816527910084656,-0.4400464599191163,1.1555167935490511,-0.5434138222443312,-0.11542083896268665,1
-0.23713332101134732,-0.0911886468500223,-1.1929050466287676,-0.49197914372443474,-1.2949724809685572,-0.4127683482914613,-6.025028244423586,2.0492416079488738,-0.12107891243636944,0
-0.20728297405088017,-0.09909104262854686,-0.19437578431085598,-0.16873341822067242,-0.11231000201945461,-0.1958185589857045,-0.09708482398686358,1.6521565955516782,-0.15344859501270078,4
-0.3869677818610278,-0.2007158523403727,-0.10669622540877359,-0.08092812478383209,-1.6313660398246428,-0.43277153782810146,-0.40152438055626694,-0.9636297901804449,-0.34656733853358473,0
1.4446715034896702,-0.15867510679862204,0.01856028730848693,-0.08057549308328259,0.44945467548136925,-0.2716956548493511,-0.7012005526925684,-0.25162818029225337,-0.05694948239412051,1
-0.31204234402707004,-0.07664823861753713,0.07296858502004701,-0.4772861562015364,-1.1471396710999193,-0.30111707920447783,0.4743616310483092,-0.6227034430680426,-0.017519442413927385,0
-0.4006659476781902,-0.0884860274937669,0.3422700873621572,-1.7261900956478913,-0.8662573323495074,-0.41176648108643893,0.06270262681226241,-0.12038456446253058,-0.09494929259331504,0
-0.4200565262369999,-0.09127320248485252,-0.03663086360755597,-0.24219835583516394,-0.05112200201482535,-0.4375160621351586,-0.8129537099765934,0.6302059768514287,-0.1949616492473235,4
-0.4250019826748605,-0.07598680809087462,-0.20142146315120188,-0.6829879815221127,-0.6001582745859595,-0.4368673531199066,0.40775061538212204,0.6820628940681127,0.026668084458986076,0
0.28028637198527884,0.11332535589819331,-0.16267022952929944,0.257363219943378,-1.6202046626795605,0.25913161578588173,-0.4527446396679859,-0.9414622595286583,0.06073942506843409,4
-0.206987507322649,-0.159623394292045,-0.054636487310662174,-1.0296690221248979,-0.9106071753100988,-0.18373922825242323,1.2331377989678012,-0.15270692762205415,-0.24773702467821263,0
-0.5071817852796232,-0.07425539317579989,0.4405181645247584,0.34552114508076787,0.3755382705470503,-0.5436059435973536,3.65805915250561,-0.7399031498175228,0.28756472276540024,4
-0.3798355433378917,-0.09466570099257311,-0.16188737632481653,-0.5948300563847229,-0.5558084316253681,-0.41132247175694037,-0.5448540287098153,-0.8237269042451455,-0.07345617207391689,4
0.3044982288820009,-0.12864600284022873,0.3156530784097394,-2.1669797213348403,-1.4723718528109226,0.5213248172820814,0.0862177368827125,-0.1923911123802589,-0.0748081152958159,0
0.34422208901086004,-0.05246690753525197,-0.1802844266301642,0.7716177832448183,0.9520862290347379,0.24899909518963262,-0.3840055923400024,-0.4152530190622836,-0.003366353758903086,1
-0.19254041542351172,-0.08796320498905971,-0.252306921442589,0.5073497096579695,0.5233710804156883,-0.18937985446524527,-0.4454915387816651,-0.017971758152358276,-0.05004965552078781,1
-0.22115349545951077,-0.11133975608525994,0.10858840582401798,0.02227541957700555,-0.24535953090122878,-0.27182384831217554,-0.03673663229970059,-0.4859405551670366,-0.09492142839505534,4
-0.42538666394019925,-0.29175145170897565,0.6714598598472076,0.7422318081990217,0.6268540473237348,-0.45674804162102356,0.5773968998856631,-0.7266136492137364,-1.1863393361800891,4
-0.31414130683478786,-0.141289836085868,0.5090178199170102,-1.2119355323464511,-0.5853749935990957,-0.2716956548493511,-0.2026686964932455,-0.19822137997487077,-0.08281484859672468,0
-0.36412656228693374,-0.10478076758908454,-0.2824467698151798,-0.9474617569342818,0.3016218656127313,-0.3837255842004146,-0.38812343840070473,1.2146564340156765,-0.31569544299970176,0
-0.31414130683478786,2.147718125121556,-0.19985575674223616,0.257363219943378,-0.1714431259669098,-0.2716956548493511,-1.0153300795637783,-0.19822137997487077,7.256838296831832,3
-0.46279316210472304,-0.08027243536948406,-0.09456200073928898,-0.4332071936328415,-0.9625260581359645,-0.4901160258241163,-0.09190225811165184,0.1704349521378906,-0.043917608729143444,0
-0.3329712372767789,-0.141289836085868,-0.24330410959103588,-2.196365696380637,0.4051048325207779,-0.30783414341996884,-0.870755823677345,-1.2641531390372749,-0.07533690977453887,0
-0.31414130683478786,2.495107443545496,-0.18302441284585425,0.1838982823288865,0.15946583564304936,-0.2716956548493511,0.6824286598560587,-0.19822137997487077,4.063959018257194,3
0.6773608250915202,-0.048041565899278216,-0.15288456447326346,-1.4764093077586204,-2.521984802878251,0.8087923959958911,0.6368265996554261,0.35387574383955467,0.0060114041467351845,6
-0.5040033019506763,-0.11221660592084502,-0.27892393039500685,-2.7632358480015755,-2.7473411382420028,-0.5398147870147121,-0.5926223593962909,-1.047736425870427,-0.8787538597884641,6
-0.29385792631217295,-0.07654993281405227,0.6875083505391066,0.75692479572192,0.730337014231781,-0.37010736267050975,-0.1484439657559992,-0.1500017971766852,-0.014092256836975074,1
-0.4061813266051723,-0.26788621645783145,0.10271700679039637,0.48056439340372614,0.5825042043631434,-0.41644565632807756,1.0269768183045505,-1.1908901407237444,-0.3624431557743572,4
0.41111247331875317,-0.1861754441078875,0.038523044022800323,0.5078051922711795,0.975089014250298,-0.42635047983227614,-0.5810867829911394,-0.3891847578700061,-0.10616741219469512,1
0.1323888596873361,-0.21620454806628084,-0.06716213858238824,0.37490712012656446,0.46423795646823307,0.3001170923549794,-0.5212103390358133,-1.0119385034399928,-0.09012922124482323,1
-0.34413331367662364,-0.18854616284144488,1.1830544289767686,0.7716177832448183,0.878169824100419,-0.37147548064809544,0.23088569824834182,-0.736992415707221,-0.33386516950432604,1
4.172403923701727,-0.6966702114005741,0.2757275649811125,0.1838982823288865,0.4051048325207779,4.650497733072642,-0.7194920317888538,-0.6977579886318234,-0.09183809532590108,2
0.5157023602966659,-0.10874919270114401,0.06905431899763263,0.6246879080158353,0.7746868571923724,0.5712916917985665,-0.4587209785674805,2.9488676520096986,-0.10556157505186176,5
-0.4325271098724529,-0.16720969423942858,0.0044689296277951405,0.448372057741056,0.5085877994288245,-0.4419477306377383,-0.8251879690936749,-1.4539443907161276,-0.05425458193596127,1
-0.3987973668444015,-0.17461186836517253,-0.3352893611177741,0.6901745534053931,1.52196692779735,-0.40027016875735305,-0.860133250422217,0.11404573862485323,-0.8648859630159251,1
-0.3593170205440595,-0.09719446764170096,-0.19829005033327035,0.6099949204929374,0.7599035762055086,-0.35997677749954304,0.17754224743221478,0.549740444920509,-0.17418983101094174,1
-0.48974916623989223,-0.08532506918235708,-0.018233813302208336,-0.4772861562015364,0.5972874853500072,-0.519717672427601,2.6582965728523464,-0.3897970405253141,-0.1918609599697523,4
-0.4553683294465469,-0.09902782346231867,-0.068727844991354,0.8744686959051065,-0.2157929689275012,-0.47093357045577233,1.3995921938843903,-0.08416615298056564,-0.32156516154785225,4
3.7532515400693223,-1.0770915441787463,-0.22373277947896392,1.4034162467294446,0.6080940637514044,4.557369622423971,-0.04257091923646706,0.6647779473880883,-0.34625417545685183,2
-0.09687690660182771,0.010357138904018282,-0.41279182836157907,-0.27158433088096057,0.3755382705470503,-0.1073240841602612,-1.3293562112973458,1.0933110258053969,0.32846882455015686,4
-0.08541115606463426,-0.16626140674600562,-0.352120705014156,0.257363219943378,1.0555691959427844,0.042842148047071524,-1.2891674427117548,0.4927277586398422,-0.280922854258566,1
-0.49224618838981044,-0.20735418089016447,-0.23116988492155124,0.257363219943378,-2.758517298668072,-0.5452690431576908,4.038546120329672,-1.0934959907839916,-1.4687902696122832,6
-0.11883993340034572,-0.18064376706292032,0.049482988885560665,-0.19811939326646902,-0.2157929689275012,-0.17144358528169393,2.9831044970900815,-0.7443885643630348,-0.14730728344917146,4
-0.23234840149582564,-0.22062988970225458,-0.18180179185375311,0.9038546709509031,0.5085877994288245,-0.23235255740521402,0.13406331801512336,-0.37681615166086735,-0.3810273843033132,1
-0.46570145752552083,-0.1062506132038901,-0.06324787255997386,0.6981528456303268,0.8190367001529638,-0.4959005565991143,-0.085236194260571,-1.0434272781364444,-0.18241370386203387,1
-0.31414130683478786,-0.09939244000353979,-0.19946433013999468,0.27205620746627635,0.0746245860594382,-0.2716956548493511,-0.054188529257436766,-0.19822137997487077,-0.08848325337967768,4
-0.17678424177012794,-0.09150474268116328,1.1838372821812515,0.6805212606028491,0.8633865431135551,-0.18909010991561095,-0.17726788092510296,-0.15218402188727798,-0.05565604013149598,1
-0.3708073933086055,-0.1111026842119042,-0.09495342734153042,0.7716177832448183,0.8929531050872828,-0.3803556672380666,-0.24597402918072828,-0.5494104701734789,-0.15766060499183332,1
1.7923373537083636,-0.15551414848721223,-0.7231931239390403,2.2115305604888515,0.3016218656127313,2.2487488061235212,-1.4006196292591448,-0.43039295908996056,-0.04727948869099009,5
10.234314223820347,-0.4170834487563752,-0.25661261406724484,2.108679647828563,0.9520862290347379,-0.2716956548493511,-0.8064074859539639,-0.3649182375632692,-0.04750525927500506,2
1.1879437462932414,-0.27847542680105436,-0.22490705928568822,1.418109234252343,2.046049022062658,1.5704391689049555,-0.5865888505223584,-0.22463808087299464,-0.11951243153360769,5
0.8255045596629889,-0.3649276366181131,-0.5122141853309046,0.11043334471439538,0.005956245875455767,0.0869926141956717,-3.0528736044603466,0.8303568737900382,-0.34020619104065636,5
-0.1431338643882431,-0.1738477066933892,-0.06481357896893962,0.7951265632814558,0.6327673597184801,-0.11053461315817384,-0.08162045604794448,-0.34648364157397304,-0.21085913104880388,1
-0.4394816579881944,-0.09075575360927472,0.09293134173436039,-0.9474617569342818,-0.5114585886647767,-0.4589716175734431,0.5754714119685354,0.2458515101301844,-0.19248110756696868,0
-0.38196946970845025,-0.20547309459904448,-0.14231604621274457,-0.8739968193197902,-0.05317687807199942,-0.4040817042297331,0.302376154151894,-0.4410518486712062,-0.6616601575647002,0
-0.31414130683478786,7.455757369556503,-0.14231604621274457,-1.0650056571174682,-0.7184245224808699,-0.2716956548493511,0.7488295512045172,-0.19822137997487077,3.9501988504924603,3
-0.3609003118369228,-0.1700958072256613,-0.26992111854345374,-2.561045646698972,-2.183817250303742,-0.41695080232679166,-0.10530064172325741,-0.15751432725273798,-0.5266045848090806,6
-0.4815581719405944,-0.07671145778376531,-0.06951069819583686,-0.25689134335806224,-0.30449265484868354,-0.5030160907256938,0.24882889146602283,-0.7078378330998284,0.014487804546512583,4
-0.29053893213913384,-0.13907716526788114,-0.39870047068088726,0.257363219943378,1.484284344561834,-0.16916661436118852,-1.4214119993682761,-0.3186351145035271,-0.22434910687038276,1
-0.4665878577102144,-0.11347340294546156,-0.310238058574322,-1.2914392878328538,-0.08274344004572702,-0.4910164539746302,-0.578187563615295,-1.0332106132453298,-0.23292493092163077,0
-0.2829881157510036,-0.2843231996771625,-0.2601354534874178,0.524040943483982,-0.3312356101539202,-0.308744931788171,0.5483794899030371,0.011005976538855437,-0.8722089013151866,4
-0.32714397680333057,-0.12090165497727465,-0.36895204891053784,-0.35974225601834997,-0.5230930308014387,-0.2858613740370915,-1.0501034146613981,-0.20556539501375096,-0.2066131526477589,4
-0.0796085178185385,-0.04978009297055362,-0.1274418353275699,0.257363219943378,0.3016218656127313,-0.2716956548493511,0.39266730354883617,2.5980080571608855,0.1518810847375879,4
-0.37184513811742637,-0.1679969309068852,-0.08399348247877012,0.257363219943378,0.3016218656127313,-0.37477242069244127,-0.47212753821253545,-0.12595520236181268,-0.5648984482510981,4
-0.20624884050207104,-0.2661476893865561,-0.19672434392430463,0.257363219943378,0.3016218656127313,-0.20252423834659297,0.05951006496849633,0.07112688533735745,-0.6282886800672322,4
-0.33929094229727924,-0.08186381983136333,-0.18850438527723437,-2.225751671426433,0.03552280784918336,-0.3928790073008464,-0.22952057701412737,-0.09604125882375104,-0.03770360619923005,0
-0.418082069825595,-0.15662048389620567,-0.12705040872532844,-1.042055210606701,0.19813889870468512,-0.429652087667009,0.44025607617624196,-0.6206295479710738,-0.4693530161546093,0
-0.3797534692467164,-0.0948237489081436,0.0670971859864254,-1.1531635822548578,-0.6001582745859595,-0.36623844753093293,-0.2147037043440092,0.35673514507028664,-0.15988137341230055,0
-0.1900720371314137,-0.11378949877660255,-0.15797311030240216,-2.2404446589493316,1.321668253706333,-0.11070538597721175,-0.13034364641030474,1.3919969128742613,-0.21968581538183687,0
-0.256888554757249,-0.09814275513512391,-0.11726474366929247,0.1545123072830903,0.2277054606784123,-0.24635592856632238,0.9574447318107268,0.40673371201934844,-0.11309741229090556,4
